Workbook

Sheet Cover
A1: ATLAS | API 579-1/ASME FFS-1 2021 PART 9 - CRACK-LIKE FLAW ASSESSMENT
A2: ="KPSCL1 (9B.3.2) / KPSCL2 (9B.3.3) / RPSCL (9C.3.2) - plate with infinite-length surface crack - CONSTANT AMPLITUDE LOADING - "&IF(UNIT_SYSTEM="SI","SI UNITS (mm, MPa, MPa√m, °C)","FPS / US CUSTOMARY UNITS (in, ksi, ksi√in, °F)")
A4: UNIT SYSTEM - SELECT FIRST (governs inputs, databases, results, plots)
A5: Unit system | B5: FPS | C5: =IF(UNIT_SYSTEM="SI","SI - length mm, stress MPa, K MPa√m, temperature °C, J kJ/m², da/dN mm/cycle","FPS - length in, stress ksi, K ksi√in, temperature °F, J in-lb/in², da/dN in/cycle")
A6: Template default values (formulas) convert automatically when the unit system is changed. Values you type are taken in the selected system; to switch units on a case with typed values run: python ENGINE/tools/convert_units.py <workbook> --to FPS|SI
A8: CASE IDENTIFICATION
A9: Project | B9: ATLAS KPSCL reference case
A10: Component / tag | B10: Flat plate (Fig. 9B.2(b))
A11: Flaw location | B11: Infinite-length surface flaw
A12: Analyst
A13: Checker
A14: Date
A15: Revision | B15: R1
A16: Crack geometry | B16: KPSCL
A17: Load type | B17: CONSTANT
A19: COLOUR LEGEND
A20: Input - edit (blue text, yellow)
A21: Calculated / database look-up (green)
A22: Database (read-only copy of data/*.csv)
A24: WORKFLOW (PART 9 LEVEL 2, PARAGRAPH 9.4.3.2 + 9.5.1)
A25: Sheet | B25: Part 9 step | D25: Content
A26: 1_Geometry_Flaw | B26: STEP 5 / 9.3.6 | D26: Plate t; measured flaw depth a (infinite length), 0 < a/t <= 0.8
A27: 2_Material | B27: STEP 3 | D27: Material from database, strengths at assessment temperature, Fig. 9.19 cut-off
A28: 3_Toughness | B28: STEP 4 / Annex 9F | D28: Kmat route: project, Table 9F.1 tests, 9F.4.2-9F.4.7, 9F.4.12
A29: 4_Crack_Growth | B29: 9.5.1 / Annex 9F.5 | D29: Growth model (Tables 9F.4-9F.9, Eqs. 9F.135-9F.169)
A30: 5_Loads | B30: STEPs 1-2 / 9C.2.2 | D30: Stress distribution (Fourth Order Polynomial - KPSCL1 / Arbitrary - KPSCL2) and input format
A31: 5B_Stress_Profile | B31: 9B.2.2 / 9B.14 | D31: Arbitrary through-wall stress profile (primary, secondary, residual)
A32: 6_Residual_Stress | B32: Annex 9D | D32: None / user / Annex 9D PWHT, as-welded, uniform yield / user profile
A33: 8_Controls | B33: Numerics / 9.5.1.2 | D33: Integration controls and remaining-life acceptance
A34: 9_Level3 | B34: 9.4.4 Level 3 | D34: Method A sensitivity / partial safety factors, Method D ductile tearing (J-R curve)
A36: HOW TO RUN
A37: 1. Select the unit system, edit only yellow cells (use the drop-downs) and save the workbook.
A38: 2. python RUN_THIS_CASE.py (or from the package root: python ENGINE/run_case.py)
A39: 3. Results appear in OUTPUT/ (output workbook - open Dashboard first) and PLOTS/ (images + plot-data workbook),
A40: in the selected unit system only. Each run replaces the previous results of this case.
A41: 4. Database sheets are display copies of ENGINE/data/*.csv, which the solver always uses.

Sheet 1_Geometry_Flaw
A1: ="GEOMETRY FLAW - KPSCL1 / KPSCL2 / RPSCL ("&UNIT_SYSTEM&" UNITS)"
A2: Figure 9B.2(b): plate thickness t, surface crack of depth a and infinite length
A3: Parameter | B3: Value | C3: Unit | D3: API 579 reference / note | E3: Status
A4: PLATE GEOMETRY (Figure 9B.2(b))
A5: Plate thickness, t | B5: =IF(UNIT_SYSTEM="SI",20,0.78740157480315) | C5: =IF(UNIT_SYSTEM="SI","mm","in") | E5: INPUT
A6: FLAW CHARACTERIZATION (paragraph 9.3.6.3)
A7: Measured flaw depth, a | B7: =IF(UNIT_SYSTEM="SI",3,0.118110236220472) | C7: =IF(UNIT_SYSTEM="SI","mm","in") | D7: Depth from the cracked surface (9.3.6.3); 0 < a/t <= 0.8 | E7: INPUT
A8: Measured flaw length 2c (information) | C8: =IF(UNIT_SYSTEM="SI","mm","in") | D8: Infinite length is assumed - a conservative bound for long surface flaws | E8: INPUT
A9: RESULTING ASSESSMENT FLAW
A10: Assessment depth a0 | B10: =in_a_m | C10: =IF(UNIT_SYSTEM="SI","mm","in") | D10: Used as initial crack depth | E10: CALC
A11: a0/t | B11: =in_a_m/in_t | C11: - | D11: 9B.3.2.2(d): 0 < a/t <= 0.8 | E11: CALC
A12: KPSCL applicability | B12: =IF(AND(calc_at>0,calc_at<=0.8),"OK","OUT OF RANGE") | E12: CALC
A13: Influence coefficient G0 at a0 | B13: =1.1202+6.0061*calc_at^2-1.3891*calc_at^4+7.926*calc_at^6+31.914*calc_at^8 | C13: - | D13: Eq. 9B.13, Table 9B.2 | E13: CALC
A14: Influence coefficient G1 at a0 | B14: =0.68109+2.3137*calc_at^2-0.71895*calc_at^4+3.114*calc_at^6+10.702*calc_at^8 | C14: - | D14: Eq. 9B.13, Table 9B.2 | E14: CALC
A15: Infinite length is a conservative bound for a long surface flaw. No restraint on the plate ends is assumed (9B.3.2.2(e)); the reference stress uses Eq. 9C.31 (negligible bending restraint).

Sheet 2_Material
A1: ="MATERIAL - KPSCL1 / KPSCL2 / RPSCL ("&UNIT_SYSTEM&" UNITS)"
A2: Paragraph 9.4.3.2 STEP 3 (strength) and Figure 9.19 (FAD cut-off). Database: DB_Materials
A3: Parameter | B3: Value | C3: Unit | D3: API 579 reference / note | E3: Status
A4: MATERIAL SELECTION
A5: Material class filter (narrows the Material ID list) | B5: ALL | C5: - | D5: Select a class, then pick the Material ID from the filtered drop-down | E5: INPUT
A6: Material ID | B6: REFERENCE_CS_350 | C6: - | D6: Select from DB_Materials | E6: INPUT
A7: Selected ID in filtered class? | B7: =IF(in_material_filter="ALL","OK",IF(ISNUMBER(MATCH(in_material_id,INDIRECT("L_MAT_"&in_material_filter),0)),"OK","NOT IN CLASS - reselect ID")) | D7: Check only - the solver uses the Material ID | E7: CALC
A8: Specification | B8: =IFERROR(INDEX(DB_Materials!$B:$B,MATCH(in_material_id,DB_Materials!$A:$A,0)),"") | E8: CALC
A9: Grade / class | B9: =IFERROR(INDEX(DB_Materials!$C:$C,MATCH(in_material_id,DB_Materials!$A:$A,0)),"") | E9: CALC
A10: Product form | B10: =IFERROR(INDEX(DB_Materials!$D:$D,MATCH(in_material_id,DB_Materials!$A:$A,0)),"") | E10: CALC
A11: Condition / heat treatment | B11: =IFERROR(INDEX(DB_Materials!$E:$E,MATCH(in_material_id,DB_Materials!$A:$A,0)),"") | E11: CALC
A12: Material class | B12: =IFERROR(INDEX(DB_Materials!$F:$F,MATCH(in_material_id,DB_Materials!$A:$A,0)),"") | D12: Table 9.2 class / route checks | E12: CALC
A13: SMYS (specified minimum) | B13: =IFERROR(INDEX(DB_Materials!$G:$G,MATCH(in_material_id,DB_Materials!$A:$A,0)),"") | C13: =IF(UNIT_SYSTEM="SI","MPa","ksi") | D13: Ambient, per material specification | E13: CALC
A14: SMTS (specified minimum) | B14: =IFERROR(INDEX(DB_Materials!$H:$H,MATCH(in_material_id,DB_Materials!$A:$A,0)),"") | C14: =IF(UNIT_SYSTEM="SI","MPa","ksi") | D14: Ambient, per material specification | E14: CALC
A15: Typical E (ambient) | B15: =IFERROR(INDEX(DB_Materials!$I:$I,MATCH(in_material_id,DB_Materials!$A:$A,0)),"") | C15: =IF(UNIT_SYSTEM="SI","MPa","ksi") | D15: Typical - confirm with Annex 2E / ASME II-D | E15: CALC
A16: ASME exemption curve | B16: =IFERROR(INDEX(DB_Materials!$J:$J,MATCH(in_material_id,DB_Materials!$A:$A,0)),"") | D16: Part 3 Table 3.2 | E16: CALC
A17: Lr(max) category | B17: =IFERROR(INDEX(DB_Materials!$K:$K,MATCH(in_material_id,DB_Materials!$A:$A,0)),"") | D17: Figure 9.19 Note 2 | E17: CALC
A18: Default growth model | B18: =IFERROR(INDEX(DB_Materials!$L:$L,MATCH(in_material_id,DB_Materials!$A:$A,0)),"") | D18: Used when 4_Crack_Growth = FROM_MATERIAL_DB | E18: CALC
A19: Suggested toughness method | B19: =IFERROR(INDEX(DB_Materials!$M:$M,MATCH(in_material_id,DB_Materials!$A:$A,0)),"") | D19: Informative | E19: CALC
A20: Database note | B20: =IFERROR(INDEX(DB_Materials!$S:$S,MATCH(in_material_id,DB_Materials!$A:$A,0)),"") | E20: CALC
A21: STRENGTH AT ASSESSMENT CONDITION (STEP 3)
A22: Strength source (9.4.3.2 STEP 3) | B22: DATABASE_SPEC_MIN | C22: - | D22: Spec minimum (database) or approved values at assessment temperature | E22: INPUT
A23: Project yield strength at temperature, Sy | C23: =IF(UNIT_SYSTEM="SI","MPa","ksi") | D23: Used when PROJECT_AT_TEMPERATURE | E23: INPUT
A24: Project tensile strength at temperature, Su | C24: =IF(UNIT_SYSTEM="SI","MPa","ksi") | D24: Used when PROJECT_AT_TEMPERATURE | E24: INPUT
A25: Project data status | B25: NOT_APPROVED | C25: - | D25: Set APPROVED for any project-entered data | E25: INPUT
A26: Yield strength used, Sy | B26: =IF(in_strength_source="PROJECT_AT_TEMPERATURE",in_sy_project,db_SMYS) | C26: =IF(UNIT_SYSTEM="SI","MPa","ksi") | E26: CALC
A27: Tensile strength used, Su | B27: =IF(in_strength_source="PROJECT_AT_TEMPERATURE",in_su_project,db_SMTS) | C27: =IF(UNIT_SYSTEM="SI","MPa","ksi") | E27: CALC
A28: FAD CUT-OFF AND CONSTRAINT
A29: FAD cut-off Lr(max) category (Fig. 9.19) | B29: FROM_DATABASE | C29: - | E29: INPUT
A30: Constraint for Eq. 9.13/9.14 | B30: plane_strain | C30: - | E30: INPUT
A31: Lr(max) category used | B31: =IF(in_lrmax_mode="FROM_DATABASE",db_lrmax_category,in_lrmax_mode) | E31: CALC
A32: Lr(max) cut-off | B32: =IFERROR(IF(IF(in_lrmax_mode="FROM_DATABASE",db_lrmax_category,in_lrmax_mode)="FLOW_STRESS",(calc_sy+calc_su)/(2*calc_sy),VALUE(INDEX(DB_Lr_max!$B:$B,MATCH(IF(in_lrmax_mode="FROM_DATABASE",db_lrmax_category,in_lrmax_mode),DB_Lr_max!$A:$A,0)))),"") | C32: - | D32: Flow stress (Sy+Su)/2 / Sy for FLOW_STRESS (Note 2(e)) | E32: CALC
A33: TEMPERATURE AND ELASTIC PROPERTIES
A34: Assessment temperature, T | B34: =IF(UNIT_SYSTEM="SI",25,77) | C34: =IF(UNIT_SYSTEM="SI","°C","°F") | E34: INPUT
A35: Elastic modulus at T, E | B35: =IF(UNIT_SYSTEM="SI",200000,29007.5475460418) | C35: =IF(UNIT_SYSTEM="SI","MPa","ksi") | D35: Typical values in DB; confirm with Annex 2E / ASME II-D | E35: INPUT
A36: Poisson's ratio, nu | B36: 0.3 | C36: - | E36: INPUT

Sheet 3_Toughness
A1: ="TOUGHNESS - KPSCL1 / KPSCL2 / RPSCL ("&UNIT_SYSTEM&" UNITS)"
A2: Paragraph 9.4.3.2 STEP 4 and Annex 9F.4. Only the inputs of the selected method are used.
A3: Parameter | B3: Value | C3: Unit | D3: API 579 reference / note | E3: Status | G3: Test # | H3: =IF(UNIT_SYSTEM="SI","K (MPa√m)","K (ksi√in)")
A4: METHOD SELECTION | G4: 1
A5: Toughness method (Part 9 STEP 4) | B5: PROJECT_KMAT | C5: - | E5: INPUT | G5: 2
A6: Clause | B6: =IFERROR(INDEX(DB_Toughness!$B:$B,MATCH(in_method,DB_Toughness!$A:$A,0)),"") | E6: CALC | G6: 3
A7: Method summary | B7: =IFERROR(INDEX(DB_Toughness!$E:$E,MATCH(in_method,DB_Toughness!$A:$A,0)),"") | E7: CALC | G7: 4
A8: PROJECT_KMAT (9.3.5.2) | G8: 5
A9: Project Kmat (approved) | C9: =IF(UNIT_SYSTEM="SI","MPa√m","ksi√in") | D9: PROJECT_KMAT when the material record has no Kmat | E9: INPUT | G9: 6
A10: PROJECT_TEST_SET (Table 9F.1, enter results in column H) | G10: 7
A11: Number of tests | B11: =COUNT($H$4:$H$33) | C11: - | D11: 3 to 30 tests | E11: CALC | G11: 8
A12: Equivalent minimum-of-three | B12: =IF(COUNT($H$4:$H$33)<3,"n < 3",SMALL($H$4:$H$33,INT((COUNT($H$4:$H$33)-1)/5)+1)) | C12: =IF(UNIT_SYSTEM="SI","MPa√m","ksi√in") | D12: Table 9F.1 rank: 3-5 lowest, 6-10 2nd lowest, ... | E12: CALC | G12: 9
A13: Scatter check (3 tests, Note 2) | B13: =IF(COUNT($H$4:$H$33)<>3,"-",IF(OR(MIN($H$4:$H$33)<0.7*AVERAGE($H$4:$H$33),MAX($H$4:$H$33)>1.4*AVERAGE($H$4:$H$33)),"EXCESSIVE","OK")) | E13: CALC | G13: 10
A14: 9F412_AUSTENITIC_JC (9F.4.12, Table 9F.2) | G14: 11
A15: 9F.2 austenitic condition | B15: WROUGHT | C15: - | E15: INPUT | G15: 12
A16: 9F.2 Jc basis | B16: LOWER | C16: - | D16: LOWER = 90/95 lower bound | E16: INPUT | G16: 13
A17: 9F42_ASME_XI_LOWER (9F.4.2) | G17: 14
A18: Reference temperature mode (9F.4.2.2) | B18: EQ_9F29 | C18: - | E18: INPUT | G18: 15
A19: Tref / RTNDT (DIRECT) | B19: =IF(UNIT_SYSTEM="SI",0,32) | C19: =IF(UNIT_SYSTEM="SI","°C","°F") | E19: INPUT | G19: 16
A20: ASME exemption curve (Part 3 Table 3.2) | B20: FROM_DATABASE | C20: - | E20: INPUT | G20: 17
A21: Section XI curve | B21: KIC | C21: - | D21: KIC Eq. 9F.44 / KIR Eq. 9F.46 | E21: INPUT | G21: 18
A22: Upper-shelf truncation 9F.4.2.1(e) | B22: =IF(UNIT_SYSTEM="SI",110,100) | C22: =IF(UNIT_SYSTEM="SI","MPa√m","ksi√in") | D22: SI: 110 or 220 MPa√m. FPS: 100 or 200 ksi√in | E22: INPUT | G22: 19
A23: Exemption curve used | B23: =IF(in_curve_mode="FROM_DATABASE",db_exemption_curve,in_curve_mode) | D23: Also used by Master Curve Option A | E23: CALC | G23: 20
A24: 9F43_MASTER_CURVE (9F.4.3) - also base for 9F45 / 9F47 | G24: 21
A25: Master Curve T0 mode (9F.4.3.2) | B25: OPTION_A_EXEMPTION | C25: - | E25: INPUT | G25: 22
A26: Master Curve T0 (DIRECT) | B26: =IF(UNIT_SYSTEM="SI",0,32) | C26: =IF(UNIT_SYSTEM="SI","°C","°F") | E26: INPUT | G26: 23
A27: Ambient yield strength, SyA | B27: =IF(UNIT_SYSTEM="SI",350,50.7632082055732) | C27: =IF(UNIT_SYSTEM="SI","MPa","ksi") | D27: Option A T0 (Eq. 9F.54/57) and 9F.4.5 | E27: INPUT | G27: 24
A28: Carbon steel sulfur class | B28: LOW | C28: - | D28: LOW <= 0.01 % S | E28: INPUT | G28: 25
A29: Option D test temperature | B29: =IF(UNIT_SYSTEM="SI",0,32) | C29: =IF(UNIT_SYSTEM="SI","°C","°F") | E29: INPUT | G29: 26
A30: Option D test Jcrit | B30: =IF(UNIT_SYSTEM="SI",50,285.507415198588) | C30: =IF(UNIT_SYSTEM="SI","kJ/m²","in-lb/in²") | E30: INPUT | G30: 27
A31: Option D E at test temperature | B31: =IF(UNIT_SYSTEM="SI",200000,29007.5475460418) | C31: =IF(UNIT_SYSTEM="SI","MPa","ksi") | E31: INPUT | G31: 28
A32: Option D Poisson's ratio | B32: 0.3 | C32: - | E32: INPUT | G32: 29
A33: Option D specimen thickness B | B33: =IF(UNIT_SYSTEM="SI",25,0.984251968503937) | C33: =IF(UNIT_SYSTEM="SI","mm","in") | E33: INPUT | G33: 30
A34: Master Curve probability Pf | B34: 0.05 | C34: - | D34: 0.05 = recommended 5 % lower bound | E34: INPUT
A35: Crack-front length L mode | B35: AUTO | C35: - | D35: AUTO: 2t (through-wall crack) or 100 mm / 4 in (infinite surface crack, Eq. 9H.15) | E35: INPUT
A36: Crack-front length L (USER) | B36: =IF(UNIT_SYSTEM="SI",40,1.5748031496063) | C36: =IF(UNIT_SYSTEM="SI","mm","in") | E36: INPUT
A37: Limit Master Curve by 9F.4.4 upper shelf | B37: NONE | C37: - | E37: INPUT
A38: Hydrogen T0 shift (9F.4.6.2) | B38: NONE | C38: - | D38: H > 1 ppm: 2.25Cr-1Mo +50 C; CS/low-Cr use 9F45_ARREST | E38: INPUT
A39: User hydrogen T0 shift | B39: 0 | C39: =IF(UNIT_SYSTEM="SI","°C","°F") | E39: INPUT
A40: 9F44_UPPER_SHELF (9F.4.4)
A41: Upper-shelf option (9F.4.4) | B41: B | C41: - | E41: INPUT
A42: Upper-shelf CVN (Option A) | B42: =IF(UNIT_SYSTEM="SI",100,73.7562149277266) | C42: =IF(UNIT_SYSTEM="SI","J","ft-lb") | E42: INPUT
A43: Upper-shelf basis (Option A) | B43: LOWER | C43: - | E43: INPUT
A44: Upper-shelf fixed Kmat (Option B) | B44: =IF(UNIT_SYSTEM="SI",110,100) | C44: =IF(UNIT_SYSTEM="SI","MPa√m","ksi√in") | D44: SI: 110 or 220 MPa√m. FPS: 100 or 200 ksi√in | E44: INPUT
A45: 9F45_DYNAMIC / 9F45_ARREST (9F.4.5)
A46: Dynamic loading rate dK/dt (9F.4.5.2) | B46: =IF(UNIT_SYSTEM="SI",100000,91004.7705029255) | C46: =IF(UNIT_SYSTEM="SI","MPa√m/s","ksi√in/s") | E46: INPUT
A47: Quasi-static loading rate | B47: =IF(UNIT_SYSTEM="SI",1,0.910047705029255) | C47: =IF(UNIT_SYSTEM="SI","MPa√m/s","ksi√in/s") | D47: 1 MPa√m/s (0.91 ksi√in/s) | E47: INPUT
A48: Nickel content (9F.4.5.3) | B48: 0 | C48: wt % | D48: wt %; > 1 % uses Eq. 9F.100 | E48: INPUT
A49: 9F47_CRMO_AGING (9F.4.7) - blank chemistry uses conservative defaults
A50: Cr-Mo aging route (9F.4.7) | B50: CR125_XBAR | C50: - | E50: INPUT
A51: 2.25Cr-1Mo vintage (J unknown) | B51: PRE_1975 | C51: - | E51: INPUT
A52: Chemistry %P | C52: wt % | E52: INPUT
A53: Chemistry %Sb | C53: wt % | E53: INPUT
A54: Chemistry %Sn | C54: wt % | E54: INPUT
A55: Chemistry %As | C55: wt % | E55: INPUT
A56: Chemistry %Mn | C56: wt % | E56: INPUT
A57: Chemistry %Si | C57: wt % | E57: INPUT

Sheet 4_Crack_Growth
A1: ="CRACK GROWTH - KPSCL1 / KPSCL2 / RPSCL ("&UNIT_SYSTEM&" UNITS)"
A2: Paragraph 9.5.1 and Annex 9F.5. Database: DB_Growth (Tables 9F.4-9F.9 and 9F.5.3.9 equations)
A3: Parameter | B3: Value | C3: Unit | D3: API 579 reference / note | E3: Status
A4: MODEL SELECTION
A5: Crack growth model | B5: FROM_MATERIAL_DB | C5: - | E5: INPUT
A6: Model used | B6: =IF(in_growth_model="FROM_MATERIAL_DB",db_default_growth_model,in_growth_model) | E6: CALC
A7: API table | B7: =IFERROR(IF(INDEX(DB_Growth!$C:$C,MATCH(calc_gm,DB_Growth!$A:$A,0))="","-",INDEX(DB_Growth!$C:$C,MATCH(calc_gm,DB_Growth!$A:$A,0))),"-") | E7: CALC
A8: Equation | B8: =IFERROR(IF(INDEX(DB_Growth!$D:$D,MATCH(calc_gm,DB_Growth!$A:$A,0))="","-",INDEX(DB_Growth!$D:$D,MATCH(calc_gm,DB_Growth!$A:$A,0))),"-") | E8: CALC
A9: Description | B9: =IFERROR(IF(INDEX(DB_Growth!$E:$E,MATCH(calc_gm,DB_Growth!$A:$A,0))="","-",INDEX(DB_Growth!$E:$E,MATCH(calc_gm,DB_Growth!$A:$A,0))),"-") | E9: CALC
A10: Applicability | B10: =IFERROR(IF(INDEX(DB_Growth!$F:$F,MATCH(calc_gm,DB_Growth!$A:$A,0))="","-",INDEX(DB_Growth!$F:$F,MATCH(calc_gm,DB_Growth!$A:$A,0))),"-") | E10: CALC
A11: C1 (first / R<0.5 row) | B11: =IFERROR(IF(calc_gm="PROJECT_MATERIAL_DATA",INDEX(DB_Materials!$O:$O,MATCH(in_material_id,DB_Materials!$A:$A,0)),IF(calc_gm="PROJECT_USER_PARIS","see below",IF(INDEX(DB_Growth!$G:$G,MATCH(calc_gm,DB_Growth!$A:$A,0))="","-",INDEX(DB_Growth!$G:$G,MATCH(calc_gm,DB_Growth!$A:$A,0))))),"-") | C11: =IF(UNIT_SYSTEM="SI","mm/cycle","in/cycle") | D11: For 9F.7 models a second R>=0.5 parameter row exists (DB_Growth) | E11: CALC
A12: n1 | B12: =IFERROR(IF(calc_gm="PROJECT_MATERIAL_DATA",INDEX(DB_Materials!$P:$P,MATCH(in_material_id,DB_Materials!$A:$A,0)),IF(calc_gm="PROJECT_USER_PARIS","see below",IF(INDEX(DB_Growth!$H:$H,MATCH(calc_gm,DB_Growth!$A:$A,0))="","-",INDEX(DB_Growth!$H:$H,MATCH(calc_gm,DB_Growth!$A:$A,0))))),"-") | C12: - | E12: CALC
A13: C2 (bilinear) | B13: =IFERROR(IF(INDEX(DB_Growth!$I:$I,MATCH(calc_gm,DB_Growth!$A:$A,0))="","-",INDEX(DB_Growth!$I:$I,MATCH(calc_gm,DB_Growth!$A:$A,0))),"-") | C13: =IF(UNIT_SYSTEM="SI","mm/cycle","in/cycle") | E13: CALC
A14: n2 | B14: =IFERROR(IF(INDEX(DB_Growth!$J:$J,MATCH(calc_gm,DB_Growth!$A:$A,0))="","-",INDEX(DB_Growth!$J:$J,MATCH(calc_gm,DB_Growth!$A:$A,0))),"-") | C14: - | E14: CALC
A15: dK transition | B15: =IFERROR(IF(INDEX(DB_Growth!$K:$K,MATCH(calc_gm,DB_Growth!$A:$A,0))="","-",INDEX(DB_Growth!$K:$K,MATCH(calc_gm,DB_Growth!$A:$A,0))),"-") | C15: =IF(UNIT_SYSTEM="SI","MPa√m","ksi√in") | E15: CALC
A16: Threshold dKth | B16: =IFERROR(IF(calc_gm="PROJECT_MATERIAL_DATA",INDEX(DB_Materials!$Q:$Q,MATCH(in_material_id,DB_Materials!$A:$A,0)),IF(calc_gm="PROJECT_USER_PARIS","see below",IF(INDEX(DB_Growth!$L:$L,MATCH(calc_gm,DB_Growth!$A:$A,0))="","-",INDEX(DB_Growth!$L:$L,MATCH(calc_gm,DB_Growth!$A:$A,0))))),"-") | C16: =IF(UNIT_SYSTEM="SI","MPa√m","ksi√in") | E16: CALC
A17: OPTIONS
A18: Stress ratio R basis | B18: INCLUDE_RESIDUAL | C18: - | D18: FORCE_R_GE_0_5 = 9F.5.3.8 recommendation for as-welded joints | E18: INPUT
A19: Welded-joint equation (Table 9F.5) | B19: 9F140 | C19: - | D19: Table 9F.5 comment: Eq. 9F.140 | E19: INPUT
A20: Temperature correction R_E (9F.139) | B20: AUTO | C20: - | D20: AUTO = only where the table specifies 9F.137 | E20: INPUT
A21: E at ambient, Ey | B21: =IF(UNIT_SYSTEM="SI",200000,29007.5475460418) | C21: =IF(UNIT_SYSTEM="SI","MPa","ksi") | E21: INPUT
A22: E at temperature, EyT | B22: =IF(UNIT_SYSTEM="SI",200000,29007.5475460418) | C22: =IF(UNIT_SYSTEM="SI","MPa","ksi") | E22: INPUT
A23: H2S concentration (sour crude) | B23: 0 | C23: ppm | D23: ppm, Eqs. 9F.160/9F.162 | E23: INPUT
A24: Threshold override dKth (blank = table) | C24: =IF(UNIT_SYSTEM="SI","MPa√m","ksi√in") | E24: INPUT
A25: R_E = max(Ey/EyT, 1) | B25: =MAX(in_E_ambient/in_E_temp,1) | C25: - | D25: Eq. 9F.139 | E25: CALC
A26: PROJECT_USER_PARIS (requires 2_Material data status = APPROVED)
A27: Project Paris C (PROJECT_USER_PARIS) | C27: =IF(UNIT_SYSTEM="SI","mm/cycle","in/cycle") | D27: da/dN in mm/cycle (in/cycle) with dK in MPa√m (ksi√in) | E27: INPUT
A28: Project Paris n | C28: - | E28: INPUT
A29: Project threshold dKth | C29: =IF(UNIT_SYSTEM="SI","MPa√m","ksi√in") | E29: INPUT

Sheet 5_Loads
A1: ="LOADS - KPSCL1 / KPSCL2 / RPSCL ("&UNIT_SYSTEM&" UNITS)"
A2: STEP 1-2: stresses normal to the crack plane, uncracked component. Values are maxima of the constant-amplitude cycle.
A3: Parameter | B3: Value | C3: Unit | D3: API 579 reference / note | E3: Status
A4: STRESS DISTRIBUTION (API 579 Annex 9B / 9C - plate, surface crack, infinite length)
A5: Through-wall stress distribution (Annex 9B / 9C) | B5: Through-Wall Fourth Order Polynomial Stress Distribution - KPSCL1 (9B.3.2) / RPSCL (9C.3.2) | C5: - | D5: Selects the stress intensity solution (KPSCL1 or KPSCL2) and reference stress (RPSCL) | E5: INPUT
A6: Stress input format | B6: Polynomial coefficients (sigma0 to sigma4) | C6: - | D6: Options depend on the distribution: Membrane + Bending is available for both | E6: INPUT
A7: Solution code | B7: =IF(ISNUMBER(SEARCH("KPSCL2",in_stress_dist)),"KPSCL2","KPSCL1") | E7: CALC
A8: Stress intensity factor solution | B8: =IF(calc_sif="KPSCL2","KPSCL2 - weight function, Eqs. 9B.261-9B.269 (9B.3.3)","KPSCL1 - Eq. 9B.12 with G0-G4 (9B.3.2)") | E8: CALC
A9: Reference stress solution | B9: =IF(calc_sif="KPSCL2","RPSCL (9C.3.3 -> 9C.3.2), Eq. 9C.31","RPSCL (9C.3.2), Eq. 9C.31") | E9: CALC
A10: Enter the stresses in | B10: =IF(ISNUMBER(SEARCH("Membrane",in_stress_input)),"Section MEMBRANE + BENDING below",IF(ISNUMBER(SEARCH("Polynomial",in_stress_input)),"Section FOURTH-ORDER POLYNOMIAL below",IF(ISNUMBER(SEARCH("profile",in_stress_input)),"Sheet 5B_Stress_Profile","Select the stress input format"))) | E10: CALC
A11: Selection check | B11: =IF(AND(calc_sif="KPSCL1",ISNUMBER(SEARCH("profile",in_stress_input))),"NOT VALID - a point profile needs the Arbitrary distribution (KPSCL2)","OK") | E11: CALC
A12: MEMBRANE + BENDING (used when the input format is Membrane + Bending)
A13: Primary membrane stress, Pm | B13: =IF(UNIT_SYSTEM="SI",120,17.4045285276251) | C13: =IF(UNIT_SYSTEM="SI","MPa","ksi") | E13: INPUT
A14: Primary bending stress, Pb | B14: =IF(UNIT_SYSTEM="SI",30,4.35113213190628) | C14: =IF(UNIT_SYSTEM="SI","MPa","ksi") | E14: INPUT
A15: Secondary membrane stress, Sm | B15: =IF(UNIT_SYSTEM="SI",20,2.90075475460418) | C15: =IF(UNIT_SYSTEM="SI","MPa","ksi") | E15: INPUT
A16: Secondary bending stress, Sb | B16: =IF(UNIT_SYSTEM="SI",10,1.45037737730209) | C16: =IF(UNIT_SYSTEM="SI","MPa","ksi") | E16: INPUT
A17: FOURTH-ORDER POLYNOMIAL sigma(x) = s0 + s1(x/t) + ... + s4(x/t)^4 (Eqs. 9B.3 / 9C.3) - used with Polynomial coefficients
A18: Primary polynomial sigma0 | B18: =IF(UNIT_SYSTEM="SI",150,21.7556606595314) | C18: =IF(UNIT_SYSTEM="SI","MPa","ksi") | E18: INPUT
A19: Primary polynomial sigma1 | B19: =IF(UNIT_SYSTEM="SI",-60,-8.70226426381255) | C19: =IF(UNIT_SYSTEM="SI","MPa","ksi") | E19: INPUT
A20: Primary polynomial P2 | B20: 0 | C20: =IF(UNIT_SYSTEM="SI","MPa","ksi") | E20: INPUT
A21: Primary polynomial P3 | B21: 0 | C21: =IF(UNIT_SYSTEM="SI","MPa","ksi") | E21: INPUT
A22: Primary polynomial P4 | B22: 0 | C22: =IF(UNIT_SYSTEM="SI","MPa","ksi") | E22: INPUT
A23: Secondary polynomial sigma0 | B23: =IF(UNIT_SYSTEM="SI",30,4.35113213190628) | C23: =IF(UNIT_SYSTEM="SI","MPa","ksi") | E23: INPUT
A24: Secondary polynomial sigma1 | B24: =IF(UNIT_SYSTEM="SI",-20,-2.90075475460418) | C24: =IF(UNIT_SYSTEM="SI","MPa","ksi") | E24: INPUT
A25: Secondary polynomial Q2 | B25: 0 | C25: =IF(UNIT_SYSTEM="SI","MPa","ksi") | E25: INPUT
A26: Secondary polynomial Q3 | B26: 0 | C26: =IF(UNIT_SYSTEM="SI","MPa","ksi") | E26: INPUT
A27: Secondary polynomial Q4 | B27: 0 | C27: =IF(UNIT_SYSTEM="SI","MPa","ksi") | E27: INPUT
A28: Primary Pm from polynomial | B28: =in_P0+in_P1/2+in_P2/3+in_P3/4+in_P4/5 | C28: =IF(UNIT_SYSTEM="SI","MPa","ksi") | D28: Eq. 9C.4 | E28: CALC
A29: Primary Pb from polynomial | B29: =-in_P1/2-in_P2/2-9*in_P3/20-6*in_P4/15 | C29: =IF(UNIT_SYSTEM="SI","MPa","ksi") | D29: Eq. 9C.5 | E29: CALC
A30: Secondary Sm from polynomial | B30: =in_Q0+in_Q1/2+in_Q2/3+in_Q3/4+in_Q4/5 | C30: =IF(UNIT_SYSTEM="SI","MPa","ksi") | D30: Eq. 9C.4 | E30: CALC
A31: Secondary Sb from polynomial | B31: =-in_Q1/2-in_Q2/2-9*in_Q3/20-6*in_Q4/15 | C31: =IF(UNIT_SYSTEM="SI","MPa","ksi") | D31: Eq. 9C.5 | E31: CALC
A32: CRACK-FACE PRESSURE AND REFERENCE STRESS OPTION (all input formats)
A33: Crack-face pressure, pc | B33: 0 | C33: =IF(UNIT_SYSTEM="SI","MPa","ksi") | E33: INPUT
A34: Add pc to Pm for reference stress | B34: YES | C34: - | D34: Conservative; engineering option | E34: INPUT
A35: CONSTANT-AMPLITUDE CYCLE (load scales)
A36: Minimum load scale (constant amplitude) | B36: 0 | C36: - | D36: Applied to primary + secondary | E36: INPUT
A37: Maximum load scale (constant amplitude) | B37: 1 | C37: - | E37: INPUT

Sheet 5B_Stress_Profile
A1: ="THROUGH-WALL STRESS PROFILE - ARBITRARY DISTRIBUTION ("&UNIT_SYSTEM&" UNITS)"
A2: Stress normal to the crack plane in the uncracked plate, x measured from the cracked surface (0 to t). Used when 5_Loads = Through-Wall Arbitrary Stress Distribution (KPSCL2) with Point-by-point profile (primary, secondary) and/or residual method = USER_PROFILE. Linear between points; the first point must be at x = 0 and the last at x = t. Up to 50 rows; blank rows are ignored.
A3: =IF(UNIT_SYSTEM="SI","x (mm)","x (in)") | B3: =IF(UNIT_SYSTEM="SI","Primary (MPa)","Primary (ksi)") | C3: =IF(UNIT_SYSTEM="SI","Secondary (MPa)","Secondary (ksi)") | D3: =IF(UNIT_SYSTEM="SI","Residual (MPa)","Residual (ksi)") | E3: x/t
A4: =IF(UNIT_SYSTEM="SI",0,0) | B4: =IF(UNIT_SYSTEM="SI",150,21.7556606595314) | C4: =IF(UNIT_SYSTEM="SI",30,4.35113213190628) | D4: =IF(UNIT_SYSTEM="SI",20,2.90075475460418) | E4: =IF(ISNUMBER(A4),A4/in_t,"")
A5: =IF(UNIT_SYSTEM="SI",2,0.078740157480315) | B5: =IF(UNIT_SYSTEM="SI",144,20.8854342331501) | C5: =IF(UNIT_SYSTEM="SI",28,4.06105665644586) | D5: =IF(UNIT_SYSTEM="SI",19,2.75571701687398) | E5: =IF(ISNUMBER(A5),A5/in_t,"")
A6: =IF(UNIT_SYSTEM="SI",4,0.15748031496063) | B6: =IF(UNIT_SYSTEM="SI",138,20.0152078067689) | C6: =IF(UNIT_SYSTEM="SI",26,3.77098118098544) | D6: =IF(UNIT_SYSTEM="SI",18,2.61067927914377) | E6: =IF(ISNUMBER(A6),A6/in_t,"")
A7: =IF(UNIT_SYSTEM="SI",6,0.236220472440945) | B7: =IF(UNIT_SYSTEM="SI",132,19.1449813803876) | C7: =IF(UNIT_SYSTEM="SI",24,3.48090570552502) | D7: =IF(UNIT_SYSTEM="SI",17,2.46564154141356) | E7: =IF(ISNUMBER(A7),A7/in_t,"")
A8: =IF(UNIT_SYSTEM="SI",8,0.31496062992126) | B8: =IF(UNIT_SYSTEM="SI",126,18.2747549540064) | C8: =IF(UNIT_SYSTEM="SI",22,3.1908302300646) | D8: =IF(UNIT_SYSTEM="SI",16,2.32060380368335) | E8: =IF(ISNUMBER(A8),A8/in_t,"")
A9: =IF(UNIT_SYSTEM="SI",10,0.393700787401575) | B9: =IF(UNIT_SYSTEM="SI",120,17.4045285276251) | C9: =IF(UNIT_SYSTEM="SI",20,2.90075475460418) | D9: =IF(UNIT_SYSTEM="SI",15,2.17556606595314) | E9: =IF(ISNUMBER(A9),A9/in_t,"")
A10: =IF(UNIT_SYSTEM="SI",12,0.47244094488189) | B10: =IF(UNIT_SYSTEM="SI",114,16.5343021012439) | C10: =IF(UNIT_SYSTEM="SI",18,2.61067927914377) | D10: =IF(UNIT_SYSTEM="SI",14,2.03052832822293) | E10: =IF(ISNUMBER(A10),A10/in_t,"")
A11: =IF(UNIT_SYSTEM="SI",14,0.551181102362205) | B11: =IF(UNIT_SYSTEM="SI",108,15.6640756748626) | C11: =IF(UNIT_SYSTEM="SI",16,2.32060380368335) | D11: =IF(UNIT_SYSTEM="SI",13,1.88549059049272) | E11: =IF(ISNUMBER(A11),A11/in_t,"")
A12: =IF(UNIT_SYSTEM="SI",16,0.62992125984252) | B12: =IF(UNIT_SYSTEM="SI",102,14.7938492484813) | C12: =IF(UNIT_SYSTEM="SI",14,2.03052832822293) | D12: =IF(UNIT_SYSTEM="SI",12,1.74045285276251) | E12: =IF(ISNUMBER(A12),A12/in_t,"")
A13: =IF(UNIT_SYSTEM="SI",18,0.708661417322835) | B13: =IF(UNIT_SYSTEM="SI",96,13.9236228221001) | C13: =IF(UNIT_SYSTEM="SI",12,1.74045285276251) | D13: =IF(UNIT_SYSTEM="SI",11,1.5954151150323) | E13: =IF(ISNUMBER(A13),A13/in_t,"")
A14: =IF(UNIT_SYSTEM="SI",20,0.78740157480315) | B14: =IF(UNIT_SYSTEM="SI",90,13.0533963957188) | C14: =IF(UNIT_SYSTEM="SI",10,1.45037737730209) | D14: =IF(UNIT_SYSTEM="SI",10,1.45037737730209) | E14: =IF(ISNUMBER(A14),A14/in_t,"")
E15: =IF(ISNUMBER(A15),A15/in_t,"")
E16: =IF(ISNUMBER(A16),A16/in_t,"")
E17: =IF(ISNUMBER(A17),A17/in_t,"")
E18: =IF(ISNUMBER(A18),A18/in_t,"")
E19: =IF(ISNUMBER(A19),A19/in_t,"")
E20: =IF(ISNUMBER(A20),A20/in_t,"")
E21: =IF(ISNUMBER(A21),A21/in_t,"")
E22: =IF(ISNUMBER(A22),A22/in_t,"")
E23: =IF(ISNUMBER(A23),A23/in_t,"")
E24: =IF(ISNUMBER(A24),A24/in_t,"")
E25: =IF(ISNUMBER(A25),A25/in_t,"")
E26: =IF(ISNUMBER(A26),A26/in_t,"")
... E53: =IF(ISNUMBER(A53),A53/in_t,"")

Sheet 6_Residual_Stress
A1: ="RESIDUAL STRESS - KPSCL1 / KPSCL2 / RPSCL ("&UNIT_SYSTEM&" UNITS)"
A2: Annex 9D. Residual stress is held constant (not scaled) and enters KISR and the stress ratio R.
A3: Parameter | B3: Value | C3: Unit | D3: API 579 reference / note | E3: Status
A4: METHOD
A5: Residual stress method | B5: USER_DEFINED | C5: - | D5: USER_PROFILE uses the residual column of 5B_Stress_Profile | E5: INPUT
A6: USER_DEFINED
A7: Residual membrane stress, Rm (USER_DEFINED) | B7: =IF(UNIT_SYSTEM="SI",15,2.17556606595314) | C7: =IF(UNIT_SYSTEM="SI","MPa","ksi") | E7: INPUT
A8: Residual bending stress, Rb (USER_DEFINED) | B8: =IF(UNIT_SYSTEM="SI",5,0.725188688651046) | C8: =IF(UNIT_SYSTEM="SI","MPa","ksi") | E8: INPUT
A9: ANNEX_9D DATA (9D.3.1 required data)
A10: Material specification (9D.3.1) | B10: SA-516 Gr 70 | C10: - | D10: Suggestion list; free text allowed | E10: INPUT
A11: Base material SMYS (blank = material DB) | C11: =IF(UNIT_SYSTEM="SI","MPa","ksi") | E11: INPUT
A12: Residual yield basis | B12: ESTIMATED_FROM_SMYS | C12: - | D12: Eq. 9D.1 or actual | E12: INPUT
A13: Actual yield strength | B13: =IF(UNIT_SYSTEM="SI",419,60.7708121089577) | C13: =IF(UNIT_SYSTEM="SI","MPa","ksi") | E13: INPUT
A14: Weld type | B14: BUTT_WELD | C14: - | E14: INPUT
A15: Weld joint configuration | B15: FULL_PENETRATION | C15: - | E15: INPUT
A16: Weld condition | B16: PWHT_UNIFORM | C16: - | E16: INPUT
A17: Stress direction relative to weld | B17: PERPENDICULAR | C17: - | E17: INPUT
A18: Pressure-test credit (9D.4.2) | B18: NONE | C18: - | E18: INPUT
A19: Residual yield strength sigma_ys_r | B19: =IF(in_ys_basis="ACTUAL",in_actual_ys,IF(ISNUMBER(in_smys_9d),in_smys_9d,db_SMYS)+IF(UNIT_SYSTEM="SI",69,10)) | C19: =IF(UNIT_SYSTEM="SI","MPa","ksi") | D19: Eq. 9D.1: SMYS + 69 MPa (SI) / + 10 ksi (FPS) | E19: CALC
A20: Uniform PWHT stress | B20: =IF(in_direction="PARALLEL",0.3,0.2)*calc_sysr | C20: =IF(UNIT_SYSTEM="SI","MPa","ksi") | D20: Eq. 9D.3 (perpendicular) / 9D.4 (parallel) | E20: CALC
A21: AS_WELDED PROFILE (applied as the actual through-wall profile)
A22: As-welded profile | B22: LONGITUDINAL_SEAM_PERPENDICULAR | C22: - | D22: KPTC: conservative uniform envelope; surface crack: actual profile | E22: INPUT
A23: Distance from weld centreline, y | B23: 0 | C23: =IF(UNIT_SYSTEM="SI","mm","in") | E23: INPUT
A24: Weld width, w | B24: =IF(UNIT_SYSTEM="SI",20,0.78740157480315) | C24: =IF(UNIT_SYSTEM="SI","mm","in") | E24: INPUT
A25: Profile points | B25: 101 | C25: points | E25: INPUT

Sheet 8_Controls
A1: ="CONTROLS - KPSCL1 / KPSCL2 / RPSCL ("&UNIT_SYSTEM&" UNITS)"
A2: Numerical controls and remaining-life acceptance (paragraph 9.5.1.2 STEP 6)
A3: Parameter | B3: Value | C3: Unit | D3: API 579 reference / note | E3: Status
A4: NUMERICAL CONTROLS
A5: Maximum cycles (guard) | B5: 5000000 | C5: cycles | E5: INPUT
A6: Maximum crack increment per step | B6: =IF(UNIT_SYSTEM="SI",0.02,0.00078740157480315) | C6: =IF(UNIT_SYSTEM="SI","mm","in") | E6: INPUT
A7: Critical crack bisection iterations | B7: 100 | C7: iterations | E7: INPUT
A8: SIF-vs-crack points | B8: 250 | C8: points | E8: INPUT
A9: REMAINING LIFE ACCEPTANCE (9.5.1.2 STEP 6)
A10: Current flaw basis | B10: CURRENT_INSPECTED_FLAW | C10: - | D10: Remaining life is calculated from c0 to the limiting flaw size | E10: INPUT
A11: Required remaining life (cycles) | B11: 100000 | C11: cycles | D11: 9.5.1.2 STEP 6(1) | E11: INPUT
A12: In-service life margin factor | B12: 2 | C12: - | D12: Project factor (>= 1). Life must be >= factor x required life; allowable service life = life / factor | E12: INPUT
A13: Minimum calculated life for acceptance | B13: =in_required_life*in_life_margin | C13: cycles | D13: factor x required life | E13: CALC
A14: INSPECTION PLANNING (project basis - engineer approval required)
A15: Inspection fraction of allowable life | B15: 0.5 | C15: fraction | D15: Illustrative project default - not an API 579 prescribed value | E15: INPUT
A16: Inspection interval cap (blank = none) | C16: cycles | D16: Optional project / code cap, cycles | E16: INPUT
A17: Operating cycles per year (optional) | C17: cycles/yr | D17: Reports lives and interval in years | E17: INPUT

Sheet 9_Level3
A1: ="LEVEL3 - KPSCL1 / KPSCL2 / RPSCL ("&UNIT_SYSTEM&" UNITS)"
A2: Paragraph 9.4.4 Level 3: Method A with uncertainty evaluation (9.4.4.2) and Method D ductile tearing (9.4.4.1(d))
A3: Parameter | B3: Value | C3: Unit | D3: API 579 reference / note | E3: Status
A4: METHOD A - SENSITIVITY ANALYSIS (9.4.4.2)
A5: Method A sensitivity analysis (9.4.4.2) | B5: YES | C5: - | D5: One-at-a-time variation of each input + combined adverse case | E5: INPUT
A6: Input varied (one at a time) | B6: Include | C6: Low change (%) | D6: High change (%) | E6: Status
A7: Primary stress (Pm, Pb, pc) | B7: YES | C7: -10 | D7: 10 | E7: INPUT
A8: Secondary stress (Sm, Sb) | B8: YES | C8: -20 | D8: 20 | E8: INPUT
A9: Residual stress (Rm, Rb) | B9: YES | C9: -30 | D9: 30 | E9: INPUT
A10: Initial flaw size (c0 or a0) | B10: YES | C10: -20 | D10: 20 | E10: INPUT
A11: Fracture toughness Kmat | B11: YES | C11: -20 | D11: 20 | E11: INPUT
A12: Yield and tensile strength | B12: YES | C12: -10 | D12: 10 | E12: INPUT
A13: Crack growth rate (Paris C) | B13: YES | C13: -50 | D13: 100 | E13: INPUT
A14: Threshold dKth | B14: YES | C14: -20 | D14: 20 | E14: INPUT
A15: Each case repeats the full Level 2 assessment, crack growth and remaining-life check. A combined adverse case (all inputs at their adverse end) is added automatically.
A16: PARTIAL SAFETY FACTOR CASE (project factors - 9.4.4.2)
A17: Partial safety factor case (9.4.4.2) | B17: NO | C17: - | D17: Project-defined factors - API 579 2021 gives no PSF table | E17: INPUT
A18: PSF on primary stress (multiplier) | B18: 1.2 | C18: factor | D18: Illustrative - set per project | E18: INPUT
A19: PSF on toughness (Kmat divided by) | B19: 1.2 | C19: factor | D19: Illustrative - set per project | E19: INPUT
A20: PSF on flaw size (c0 multiplier) | B20: 1.1 | C20: factor | D20: Illustrative - set per project | E20: INPUT
A21: METHOD D - DUCTILE TEARING (9.4.4.1(d), Annex 9F.4.13)
A22: Method D ductile tearing analysis (9.4.4.1(d)) | B22: YES | C22: - | D22: Only for materials with stable ductile tearing (upper-shelf ferritic, austenitic) | E22: INPUT
A23: J-R curve source | B23: TABLE_9F3 | C23: - | D23: TABLE_9F3 (typical data), CVN_9F130 (Eqs. 9F.130-9F.133) or PROJECT (approved test data) | E23: INPUT
A24: Table 9F.3 material record | B24: GENERIC_CS-1 | C24: - | D24: Typical values - actual data preferred | E24: INPUT
A25: Upper-shelf Charpy energy (CVN_9F130) | B25: =IF(UNIT_SYSTEM="SI",100,73.7562149277266) | C25: =IF(UNIT_SYSTEM="SI","J","ft-lb") | E25: INPUT
A26: J1mm basis (CVN_9F130) | B26: LOWER | C26: - | D26: Eq. 9F.88 (lower) or 9F.86 (median) | E26: INPUT
A27: Project J-R coefficient C_R | C27: =IF(UNIT_SYSTEM="SI","kJ/m² per mmⁿ","in-lb/in² per inⁿ") | D27: J_R = C_R (da)^nR | E27: INPUT
A28: Project J-R exponent nR | C28: - | E28: INPUT
A29: Maximum tearing extension da | B29: =IF(UNIT_SYSTEM="SI",3,0.118110236220472) | C29: =IF(UNIT_SYSTEM="SI","mm","in") | D29: Keep within the valid range of the J-R data | E29: INPUT
A30: Number of tearing points | B30: 60 | C30: points | E30: INPUT
A31: Maximum load factor searched | B31: 5 | C31: factor | D31: Primary-load factor range for the instability search | E31: INPUT
A32: Table 9F.3 record - material | B32: =IFERROR(INDEX(DB_JR_Curves!$B:$B,MATCH(in_jr_record,DB_JR_Curves!$A:$A,0)),"") | D32: Used when J-R source = TABLE_9F3 | E32: CALC
A33: Record test temperature | B33: =IFERROR(INDEX(DB_JR_Curves!$C:$C,MATCH(in_jr_record,DB_JR_Curves!$A:$A,0)),"") | C33: =IF(UNIT_SYSTEM="SI","°C","°F") | D33: Used when J-R source = TABLE_9F3 | E33: CALC
A34: Record thickness | B34: =IFERROR(INDEX(DB_JR_Curves!$D:$D,MATCH(in_jr_record,DB_JR_Curves!$A:$A,0)),"") | C34: =IF(UNIT_SYSTEM="SI","mm","in") | D34: Used when J-R source = TABLE_9F3 | E34: CALC
A35: Initiation toughness Ji | B35: =IFERROR(INDEX(DB_JR_Curves!$E:$E,MATCH(in_jr_record,DB_JR_Curves!$A:$A,0)),"") | C35: =IF(UNIT_SYSTEM="SI","kJ/m²","in-lb/in²") | D35: Used when J-R source = TABLE_9F3 | E35: CALC
A36: Coefficient C_R | B36: =IFERROR(INDEX(DB_JR_Curves!$F:$F,MATCH(in_jr_record,DB_JR_Curves!$A:$A,0)),"") | C36: =IF(UNIT_SYSTEM="SI","kJ/m² per mmⁿ","in-lb/in² per inⁿ") | D36: Used when J-R source = TABLE_9F3 | E36: CALC
A37: Exponent nR | B37: =IFERROR(INDEX(DB_JR_Curves!$G:$G,MATCH(in_jr_record,DB_JR_Curves!$A:$A,0)),"") | C37: - | D37: Used when J-R source = TABLE_9F3 | E37: CALC
A38: Method D is valid only for materials that tear in a stable ductile manner (ferritic steels on the upper shelf, austenitic stainless steels). Table 9F.3 data are typical values - use actual J-R test data when available.

Sheet DB_Materials
A1: material_id | B1: specification | C1: grade | D1: product_form | E1: condition | F1: material_class | G1: =IF(UNIT_SYSTEM="SI","SMYS (MPa)","SMYS (ksi)") | H1: =IF(UNIT_SYSTEM="SI","SMTS (MPa)","SMTS (ksi)") | I1: =IF(UNIT_SYSTEM="SI","E (MPa)","E (ksi)") | J1: exemption_curve | K1: lrmax_category | L1: default_growth_model | M1: default_toughness_method | N1: =IF(UNIT_SYSTEM="SI","Kmat (MPa√m)","Kmat (ksi√in)") | O1: =IF(UNIT_SYSTEM="SI","Paris C (mm/cycle)","Paris C (in/cycle)") | P1: Paris n | Q1: =IF(UNIT_SYSTEM="SI","dKth (MPa√m)","dKth (ksi√in)") | R1: constraint | S1: note | T1: SMYS_MPa (source) | U1: SMYS_ksi (source) | V1: SMTS_MPa (source) | W1: SMTS_ksi (source) | X1: E_MPa (source) | Y1: E_ksi (source) | Z1: Kmat_MPa_sqrt_m (source) | AA1: Kmat_ksi_sqrt_in (source) | AB1: paris_C_mm_cycle (source) | AC1: paris_C_in_cycle (source) | AD1: dKth_MPa_sqrt_m (source) | AE1: dKth_ksi_sqrt_in (source)
A2: REFERENCE_CS_350 | B2: REFERENCE | C2: 350 MPa yield | D2: Generic | E2: - | F2: REFERENCE | G2: =IF(UNIT_SYSTEM="SI",IF(T2="","",T2),IF(U2="","",U2)) | H2: =IF(UNIT_SYSTEM="SI",IF(V2="","",V2),IF(W2="","",W2)) | I2: =IF(UNIT_SYSTEM="SI",IF(X2="","",X2),IF(Y2="","",Y2)) | J2: N/A | K2: FLOW_STRESS | L2: PROJECT_MATERIAL_DATA | M2: PROJECT_KMAT | N2: =IF(UNIT_SYSTEM="SI",IF(Z2="","",Z2),IF(AA2="","",AA2)) | O2: =IF(UNIT_SYSTEM="SI",IF(AB2="","",AB2),IF(AC2="","",AC2)) | P2: 3 | Q2: =IF(UNIT_SYSTEM="SI",IF(AD2="","",AD2),IF(AE2="","",AE2)) | R2: plane_strain | S2: ATLAS KPTC regression dataset (R1-R7 baseline). Not a material specification. FPS values are exact conversions. | T2: 350 | U2: 50.763208 | V2: 500 | W2: 72.518869 | X2: 200000 | Y2: 29007.548 | Z2: 100 | AA2: 91.004771 | AB2: 2e-09 | AC2: 1.0447294e-10 | AD2: 5 | AE2: 4.5502385
A3: SA-36 | B3: SA-36 | C3: - | D3: Plate/shape | E3: As-rolled | F3: CARBON_STEEL | G3: =IF(UNIT_SYSTEM="SI",IF(T3="","",T3),IF(U3="","",U3)) | H3: =IF(UNIT_SYSTEM="SI",IF(V3="","",V3),IF(W3="","",W3)) | I3: =IF(UNIT_SYSTEM="SI",IF(X3="","",X3),IF(Y3="","",Y3)) | J3: A | K3: C_MN_STEEL | L3: 9F4M_FERRITIC_PEARLITE_AIR | M3: 9F42_ASME_XI_LOWER | N3: =IF(UNIT_SYSTEM="SI",IF(Z3="","",Z3),IF(AA3="","",AA3)) | O3: =IF(UNIT_SYSTEM="SI",IF(AB3="","",AB3),IF(AC3="","",AC3)) | Q3: =IF(UNIT_SYSTEM="SI",IF(AD3="","",AD3),IF(AE3="","",AE3)) | R3: Exemption curve per API 579 Part 3 Table 3.2 (plates/shapes not listed -> A) | T3: 250 | U3: 36 | V3: 400 | W3: 58 | X3: 200000 | Y3: 29007.5 | AE3: plane_strain
A4: SA-285-C | B4: SA-285 | C4: Gr C | D4: Plate | E4: As-rolled | F4: CARBON_STEEL | G4: =IF(UNIT_SYSTEM="SI",IF(T4="","",T4),IF(U4="","",U4)) | H4: =IF(UNIT_SYSTEM="SI",IF(V4="","",V4),IF(W4="","",W4)) | I4: =IF(UNIT_SYSTEM="SI",IF(X4="","",X4),IF(Y4="","",Y4)) | J4: A | K4: C_MN_STEEL | L4: 9F4M_FERRITIC_PEARLITE_AIR | M4: 9F42_ASME_XI_LOWER | N4: =IF(UNIT_SYSTEM="SI",IF(Z4="","",Z4),IF(AA4="","",AA4)) | O4: =IF(UNIT_SYSTEM="SI",IF(AB4="","",AB4),IF(AC4="","",AC4)) | Q4: =IF(UNIT_SYSTEM="SI",IF(AD4="","",AD4),IF(AE4="","",AE4)) | R4: Exemption curve per API 579 Part 3 Table 3.2 (Gr A/B are Curve B; Gr C not listed -> A) | T4: 205 | U4: 30 | V4: 380 | W4: 55 | X4: 200000 | Y4: 29007.5 | AE4: plane_strain
A5: SA-515-60 | B5: SA-515 | C5: Gr 60 | D5: Plate | E5: As-rolled | F5: CARBON_STEEL | G5: =IF(UNIT_SYSTEM="SI",IF(T5="","",T5),IF(U5="","",U5)) | H5: =IF(UNIT_SYSTEM="SI",IF(V5="","",V5),IF(W5="","",W5)) | I5: =IF(UNIT_SYSTEM="SI",IF(X5="","",X5),IF(Y5="","",Y5)) | J5: B | K5: C_MN_STEEL | L5: 9F4M_FERRITIC_PEARLITE_AIR | M5: 9F42_ASME_XI_LOWER | N5: =IF(UNIT_SYSTEM="SI",IF(Z5="","",Z5),IF(AA5="","",AA5)) | O5: =IF(UNIT_SYSTEM="SI",IF(AB5="","",AB5),IF(AC5="","",AC5)) | Q5: =IF(UNIT_SYSTEM="SI",IF(AD5="","",AD5),IF(AE5="","",AE5)) | R5: Exemption curve per API 579 Part 3 Table 3.2 | T5: 220 | U5: 32 | V5: 415 | W5: 60 | X5: 200000 | Y5: 29007.5 | AE5: plane_strain
A6: SA-515-70 | B6: SA-515 | C6: Gr 70 | D6: Plate | E6: As-rolled | F6: CARBON_STEEL | G6: =IF(UNIT_SYSTEM="SI",IF(T6="","",T6),IF(U6="","",U6)) | H6: =IF(UNIT_SYSTEM="SI",IF(V6="","",V6),IF(W6="","",W6)) | I6: =IF(UNIT_SYSTEM="SI",IF(X6="","",X6),IF(Y6="","",Y6)) | J6: A | K6: C_MN_STEEL | L6: 9F4M_FERRITIC_PEARLITE_AIR | M6: 9F42_ASME_XI_LOWER | N6: =IF(UNIT_SYSTEM="SI",IF(Z6="","",Z6),IF(AA6="","",AA6)) | O6: =IF(UNIT_SYSTEM="SI",IF(AB6="","",AB6),IF(AC6="","",AC6)) | Q6: =IF(UNIT_SYSTEM="SI",IF(AD6="","",AD6),IF(AE6="","",AE6)) | R6: Exemption curve per API 579 Part 3 Table 3.2 (not listed -> A) | T6: 260 | U6: 38 | V6: 485 | W6: 70 | X6: 200000 | Y6: 29007.5 | AE6: plane_strain
A7: SA-516-55 | B7: SA-516 | C7: Gr 55 | D7: Plate | E7: Not normalized | F7: CARBON_STEEL | G7: =IF(UNIT_SYSTEM="SI",IF(T7="","",T7),IF(U7="","",U7)) | H7: =IF(UNIT_SYSTEM="SI",IF(V7="","",V7),IF(W7="","",W7)) | I7: =IF(UNIT_SYSTEM="SI",IF(X7="","",X7),IF(Y7="","",Y7)) | J7: C | K7: C_MN_STEEL | L7: 9F4M_FERRITIC_PEARLITE_AIR | M7: 9F42_ASME_XI_LOWER | N7: =IF(UNIT_SYSTEM="SI",IF(Z7="","",Z7),IF(AA7="","",AA7)) | O7: =IF(UNIT_SYSTEM="SI",IF(AB7="","",AB7),IF(AC7="","",AC7)) | Q7: =IF(UNIT_SYSTEM="SI",IF(AD7="","",AD7),IF(AE7="","",AE7)) | R7: Exemption curve per API 579 Part 3 Table 3.2 | T7: 205 | U7: 30 | V7: 380 | W7: 55 | X7: 200000 | Y7: 29007.5 | AE7: plane_strain
A8: SA-516-60 | B8: SA-516 | C8: Gr 60 | D8: Plate | E8: Not normalized | F8: CARBON_STEEL | G8: =IF(UNIT_SYSTEM="SI",IF(T8="","",T8),IF(U8="","",U8)) | H8: =IF(UNIT_SYSTEM="SI",IF(V8="","",V8),IF(W8="","",W8)) | I8: =IF(UNIT_SYSTEM="SI",IF(X8="","",X8),IF(Y8="","",Y8)) | J8: C | K8: C_MN_STEEL | L8: 9F4M_FERRITIC_PEARLITE_AIR | M8: 9F42_ASME_XI_LOWER | N8: =IF(UNIT_SYSTEM="SI",IF(Z8="","",Z8),IF(AA8="","",AA8)) | O8: =IF(UNIT_SYSTEM="SI",IF(AB8="","",AB8),IF(AC8="","",AC8)) | Q8: =IF(UNIT_SYSTEM="SI",IF(AD8="","",AD8),IF(AE8="","",AE8)) | R8: Exemption curve per API 579 Part 3 Table 3.2 | T8: 220 | U8: 32 | V8: 415 | W8: 60 | X8: 200000 | Y8: 29007.5 | AE8: plane_strain
A9: SA-516-65 | B9: SA-516 | C9: Gr 65 | D9: Plate | E9: Not normalized | F9: CARBON_STEEL | G9: =IF(UNIT_SYSTEM="SI",IF(T9="","",T9),IF(U9="","",U9)) | H9: =IF(UNIT_SYSTEM="SI",IF(V9="","",V9),IF(W9="","",W9)) | I9: =IF(UNIT_SYSTEM="SI",IF(X9="","",X9),IF(Y9="","",Y9)) | J9: B | K9: C_MN_STEEL | L9: 9F4M_FERRITIC_PEARLITE_AIR | M9: 9F42_ASME_XI_LOWER | N9: =IF(UNIT_SYSTEM="SI",IF(Z9="","",Z9),IF(AA9="","",AA9)) | O9: =IF(UNIT_SYSTEM="SI",IF(AB9="","",AB9),IF(AC9="","",AC9)) | Q9: =IF(UNIT_SYSTEM="SI",IF(AD9="","",AD9),IF(AE9="","",AE9)) | R9: Exemption curve per API 579 Part 3 Table 3.2 | T9: 240 | U9: 35 | V9: 450 | W9: 65 | X9: 200000 | Y9: 29007.5 | AE9: plane_strain
A10: SA-516-70 | B10: SA-516 | C10: Gr 70 | D10: Plate | E10: Not normalized | F10: CARBON_STEEL | G10: =IF(UNIT_SYSTEM="SI",IF(T10="","",T10),IF(U10="","",U10)) | H10: =IF(UNIT_SYSTEM="SI",IF(V10="","",V10),IF(W10="","",W10)) | I10: =IF(UNIT_SYSTEM="SI",IF(X10="","",X10),IF(Y10="","",Y10)) | J10: B | K10: C_MN_STEEL | L10: 9F4M_FERRITIC_PEARLITE_AIR | M10: 9F42_ASME_XI_LOWER | N10: =IF(UNIT_SYSTEM="SI",IF(Z10="","",Z10),IF(AA10="","",AA10)) | O10: =IF(UNIT_SYSTEM="SI",IF(AB10="","",AB10),IF(AC10="","",AC10)) | Q10: =IF(UNIT_SYSTEM="SI",IF(AD10="","",AD10),IF(AE10="","",AE10)) | R10: Exemption curve per API 579 Part 3 Table 3.2 | T10: 260 | U10: 38 | V10: 485 | W10: 70 | X10: 200000 | Y10: 29007.5 | AE10: plane_strain
A11: SA-516-70N | B11: SA-516 | C11: Gr 70 | D11: Plate | E11: Normalized | F11: CARBON_STEEL | G11: =IF(UNIT_SYSTEM="SI",IF(T11="","",T11),IF(U11="","",U11)) | H11: =IF(UNIT_SYSTEM="SI",IF(V11="","",V11),IF(W11="","",W11)) | I11: =IF(UNIT_SYSTEM="SI",IF(X11="","",X11),IF(Y11="","",Y11)) | J11: D | K11: C_MN_STEEL | L11: 9F4M_FERRITIC_PEARLITE_AIR | M11: 9F42_ASME_XI_LOWER | N11: =IF(UNIT_SYSTEM="SI",IF(Z11="","",Z11),IF(AA11="","",AA11)) | O11: =IF(UNIT_SYSTEM="SI",IF(AB11="","",AB11),IF(AC11="","",AC11)) | Q11: =IF(UNIT_SYSTEM="SI",IF(AD11="","",AD11),IF(AE11="","",AE11)) | R11: Exemption curve per API 579 Part 3 Table 3.2 | T11: 260 | U11: 38 | V11: 485 | W11: 70 | X11: 200000 | Y11: 29007.5 | AE11: plane_strain
A12: SA-537-CL1 | B12: SA-537 | C12: Cl 1 | D12: Plate | E12: Normalized | F12: CARBON_STEEL | G12: =IF(UNIT_SYSTEM="SI",IF(T12="","",T12),IF(U12="","",U12)) | H12: =IF(UNIT_SYSTEM="SI",IF(V12="","",V12),IF(W12="","",W12)) | I12: =IF(UNIT_SYSTEM="SI",IF(X12="","",X12),IF(Y12="","",Y12)) | J12: D | K12: C_MN_STEEL | L12: 9F4M_FERRITIC_PEARLITE_AIR | M12: 9F42_ASME_XI_LOWER | N12: =IF(UNIT_SYSTEM="SI",IF(Z12="","",Z12),IF(AA12="","",AA12)) | O12: =IF(UNIT_SYSTEM="SI",IF(AB12="","",AB12),IF(AC12="","",AC12)) | Q12: =IF(UNIT_SYSTEM="SI",IF(AD12="","",AD12),IF(AE12="","",AE12)) | R12: Exemption curve per API 579 Part 3 Table 3.2; SMYS for t <= 65 mm (2.5 in) | T12: 345 | U12: 50 | V12: 485 | W12: 70 | X12: 200000 | Y12: 29007.5 | AE12: plane_strain
A13: SA-106-B | B13: SA-106 | C13: Gr B | D13: Seamless pipe | E13: - | F13: CARBON_STEEL | G13: =IF(UNIT_SYSTEM="SI",IF(T13="","",T13),IF(U13="","",U13)) | H13: =IF(UNIT_SYSTEM="SI",IF(V13="","",V13),IF(W13="","",W13)) | I13: =IF(UNIT_SYSTEM="SI",IF(X13="","",X13),IF(Y13="","",Y13)) | J13: B | K13: C_MN_STEEL | L13: 9F4M_FERRITIC_PEARLITE_AIR | M13: 9F42_ASME_XI_LOWER | N13: =IF(UNIT_SYSTEM="SI",IF(Z13="","",Z13),IF(AA13="","",AA13)) | O13: =IF(UNIT_SYSTEM="SI",IF(AB13="","",AB13),IF(AC13="","",AC13)) | Q13: =IF(UNIT_SYSTEM="SI",IF(AD13="","",AD13),IF(AE13="","",AE13)) | R13: Exemption curve per API 579 Part 3 Table 3.2 (all pipe -> B) | T13: 240 | U13: 35 | V13: 415 | W13: 60 | X13: 200000 | Y13: 29007.5 | AE13: plane_strain
A14: SA-106-C | B14: SA-106 | C14: Gr C | D14: Seamless pipe | E14: - | F14: CARBON_STEEL | G14: =IF(UNIT_SYSTEM="SI",IF(T14="","",T14),IF(U14="","",U14)) | H14: =IF(UNIT_SYSTEM="SI",IF(V14="","",V14),IF(W14="","",W14)) | I14: =IF(UNIT_SYSTEM="SI",IF(X14="","",X14),IF(Y14="","",Y14)) | J14: B | K14: C_MN_STEEL | L14: 9F4M_FERRITIC_PEARLITE_AIR | M14: 9F42_ASME_XI_LOWER | N14: =IF(UNIT_SYSTEM="SI",IF(Z14="","",Z14),IF(AA14="","",AA14)) | O14: =IF(UNIT_SYSTEM="SI",IF(AB14="","",AB14),IF(AC14="","",AC14)) | Q14: =IF(UNIT_SYSTEM="SI",IF(AD14="","",AD14),IF(AE14="","",AE14)) | R14: Exemption curve per API 579 Part 3 Table 3.2 (all pipe -> B) | T14: 275 | U14: 40 | V14: 485 | W14: 70 | X14: 200000 | Y14: 29007.5 | AE14: plane_strain
... A30: SA-533-B-CL1 | B30: SA-533 | C30: Type B Cl 1 | D30: Plate | E30: Q&T | F30: LOW_ALLOY_STEEL | G30: =IF(UNIT_SYSTEM="SI",IF(T30="","",T30),IF(U30="","",U30)) | H30: =IF(UNIT_SYSTEM="SI",IF(V30="","",V30),IF(W30="","",W30)) | I30: =IF(UNIT_SYSTEM="SI",IF(X30="","",X30),IF(Y30="","",Y30)) | J30: C | K30: FLOW_STRESS | L30: 9F4M_FERRITIC_PEARLITE_AIR | M30: 9F43_MASTER_CURVE | N30: =IF(UNIT_SYSTEM="SI",IF(Z30="","",Z30),IF(AA30="","",AA30)) | O30: =IF(UNIT_SYSTEM="SI",IF(AB30="","",AB30),IF(AC30="","",AC30)) | Q30: =IF(UNIT_SYSTEM="SI",IF(AD30="","",AD30),IF(AE30="","",AE30)) | R30: Exemption curve per API 579 Part 3 Table 3.2 | T30: 345 | U30: 50 | V30: 550 | W30: 80 | X30: 200000 | Y30: 29007.5 | AE30: plane_strain
A31: SA-240-304 | B31: SA-240 | C31: 304 | D31: Plate | E31: Solution annealed | F31: AUSTENITIC_SS | G31: =IF(UNIT_SYSTEM="SI",IF(T31="","",T31),IF(U31="","",U31)) | H31: =IF(UNIT_SYSTEM="SI",IF(V31="","",V31),IF(W31="","",W31)) | I31: =IF(UNIT_SYSTEM="SI",IF(X31="","",X31),IF(Y31="","",Y31)) | J31: N/A | K31: AUSTENITIC_SS | L31: 9F4M_AUSTENITIC_SS_AIR | M31: 9F412_AUSTENITIC_JC | N31: =IF(UNIT_SYSTEM="SI",IF(Z31="","",Z31),IF(AA31="","",AA31)) | O31: =IF(UNIT_SYSTEM="SI",IF(AB31="","",AB31),IF(AC31="","",AC31)) | Q31: =IF(UNIT_SYSTEM="SI",IF(AD31="","",AD31),IF(AE31="","",AE31)) | R31: Austenitic: no exemption curve | T31: 205 | U31: 30 | V31: 515 | W31: 75 | X31: 195000 | Y31: 28282.4 | AE31: plane_strain
A32: SA-240-304L | B32: SA-240 | C32: 304L | D32: Plate | E32: Solution annealed | F32: AUSTENITIC_SS | G32: =IF(UNIT_SYSTEM="SI",IF(T32="","",T32),IF(U32="","",U32)) | H32: =IF(UNIT_SYSTEM="SI",IF(V32="","",V32),IF(W32="","",W32)) | I32: =IF(UNIT_SYSTEM="SI",IF(X32="","",X32),IF(Y32="","",Y32)) | J32: N/A | K32: AUSTENITIC_SS | L32: 9F4M_AUSTENITIC_SS_AIR | M32: 9F412_AUSTENITIC_JC | N32: =IF(UNIT_SYSTEM="SI",IF(Z32="","",Z32),IF(AA32="","",AA32)) | O32: =IF(UNIT_SYSTEM="SI",IF(AB32="","",AB32),IF(AC32="","",AC32)) | Q32: =IF(UNIT_SYSTEM="SI",IF(AD32="","",AD32),IF(AE32="","",AE32)) | R32: Austenitic: no exemption curve | T32: 170 | U32: 25 | V32: 485 | W32: 70 | X32: 195000 | Y32: 28282.4 | AE32: plane_strain
A33: SA-240-316 | B33: SA-240 | C33: 316 | D33: Plate | E33: Solution annealed | F33: AUSTENITIC_SS | G33: =IF(UNIT_SYSTEM="SI",IF(T33="","",T33),IF(U33="","",U33)) | H33: =IF(UNIT_SYSTEM="SI",IF(V33="","",V33),IF(W33="","",W33)) | I33: =IF(UNIT_SYSTEM="SI",IF(X33="","",X33),IF(Y33="","",Y33)) | J33: N/A | K33: AUSTENITIC_SS | L33: 9F4M_AUSTENITIC_SS_AIR | M33: 9F412_AUSTENITIC_JC | N33: =IF(UNIT_SYSTEM="SI",IF(Z33="","",Z33),IF(AA33="","",AA33)) | O33: =IF(UNIT_SYSTEM="SI",IF(AB33="","",AB33),IF(AC33="","",AC33)) | Q33: =IF(UNIT_SYSTEM="SI",IF(AD33="","",AD33),IF(AE33="","",AE33)) | R33: Austenitic: no exemption curve | T33: 205 | U33: 30 | V33: 515 | W33: 75 | X33: 195000 | Y33: 28282.4 | AE33: plane_strain
A34: SA-240-316L | B34: SA-240 | C34: 316L | D34: Plate | E34: Solution annealed | F34: AUSTENITIC_SS | G34: =IF(UNIT_SYSTEM="SI",IF(T34="","",T34),IF(U34="","",U34)) | H34: =IF(UNIT_SYSTEM="SI",IF(V34="","",V34),IF(W34="","",W34)) | I34: =IF(UNIT_SYSTEM="SI",IF(X34="","",X34),IF(Y34="","",Y34)) | J34: N/A | K34: AUSTENITIC_SS | L34: 9F4M_AUSTENITIC_SS_AIR | M34: 9F412_AUSTENITIC_JC | N34: =IF(UNIT_SYSTEM="SI",IF(Z34="","",Z34),IF(AA34="","",AA34)) | O34: =IF(UNIT_SYSTEM="SI",IF(AB34="","",AB34),IF(AC34="","",AC34)) | Q34: =IF(UNIT_SYSTEM="SI",IF(AD34="","",AD34),IF(AE34="","",AE34)) | R34: Austenitic: no exemption curve | T34: 170 | U34: 25 | V34: 485 | W34: 70 | X34: 195000 | Y34: 28282.4 | AE34: plane_strain
A35: SA-240-321 | B35: SA-240 | C35: 321 | D35: Plate | E35: Solution annealed | F35: AUSTENITIC_SS | G35: =IF(UNIT_SYSTEM="SI",IF(T35="","",T35),IF(U35="","",U35)) | H35: =IF(UNIT_SYSTEM="SI",IF(V35="","",V35),IF(W35="","",W35)) | I35: =IF(UNIT_SYSTEM="SI",IF(X35="","",X35),IF(Y35="","",Y35)) | J35: N/A | K35: AUSTENITIC_SS | L35: 9F4M_AUSTENITIC_SS_AIR | M35: 9F412_AUSTENITIC_JC | N35: =IF(UNIT_SYSTEM="SI",IF(Z35="","",Z35),IF(AA35="","",AA35)) | O35: =IF(UNIT_SYSTEM="SI",IF(AB35="","",AB35),IF(AC35="","",AC35)) | Q35: =IF(UNIT_SYSTEM="SI",IF(AD35="","",AD35),IF(AE35="","",AE35)) | R35: Austenitic: no exemption curve | T35: 205 | U35: 30 | V35: 515 | W35: 75 | X35: 195000 | Y35: 28282.4 | AE35: plane_strain
A36: SA-240-347 | B36: SA-240 | C36: 347 | D36: Plate | E36: Solution annealed | F36: AUSTENITIC_SS | G36: =IF(UNIT_SYSTEM="SI",IF(T36="","",T36),IF(U36="","",U36)) | H36: =IF(UNIT_SYSTEM="SI",IF(V36="","",V36),IF(W36="","",W36)) | I36: =IF(UNIT_SYSTEM="SI",IF(X36="","",X36),IF(Y36="","",Y36)) | J36: N/A | K36: AUSTENITIC_SS | L36: 9F4M_AUSTENITIC_SS_AIR | M36: 9F412_AUSTENITIC_JC | N36: =IF(UNIT_SYSTEM="SI",IF(Z36="","",Z36),IF(AA36="","",AA36)) | O36: =IF(UNIT_SYSTEM="SI",IF(AB36="","",AB36),IF(AC36="","",AC36)) | Q36: =IF(UNIT_SYSTEM="SI",IF(AD36="","",AD36),IF(AE36="","",AE36)) | R36: Austenitic: no exemption curve | T36: 205 | U36: 30 | V36: 515 | W36: 75 | X36: 195000 | Y36: 28282.4 | AE36: plane_strain
A37: SA-312-TP304 | B37: SA-312 | C37: TP304 | D37: Pipe | E37: Solution annealed | F37: AUSTENITIC_SS | G37: =IF(UNIT_SYSTEM="SI",IF(T37="","",T37),IF(U37="","",U37)) | H37: =IF(UNIT_SYSTEM="SI",IF(V37="","",V37),IF(W37="","",W37)) | I37: =IF(UNIT_SYSTEM="SI",IF(X37="","",X37),IF(Y37="","",Y37)) | J37: N/A | K37: AUSTENITIC_SS | L37: 9F4M_AUSTENITIC_SS_AIR | M37: 9F412_AUSTENITIC_JC | N37: =IF(UNIT_SYSTEM="SI",IF(Z37="","",Z37),IF(AA37="","",AA37)) | O37: =IF(UNIT_SYSTEM="SI",IF(AB37="","",AB37),IF(AC37="","",AC37)) | Q37: =IF(UNIT_SYSTEM="SI",IF(AD37="","",AD37),IF(AE37="","",AE37)) | R37: Austenitic: no exemption curve | T37: 205 | U37: 30 | V37: 515 | W37: 75 | X37: 195000 | Y37: 28282.4 | AE37: plane_strain
A38: SA-312-TP316L | B38: SA-312 | C38: TP316L | D38: Pipe | E38: Solution annealed | F38: AUSTENITIC_SS | G38: =IF(UNIT_SYSTEM="SI",IF(T38="","",T38),IF(U38="","",U38)) | H38: =IF(UNIT_SYSTEM="SI",IF(V38="","",V38),IF(W38="","",W38)) | I38: =IF(UNIT_SYSTEM="SI",IF(X38="","",X38),IF(Y38="","",Y38)) | J38: N/A | K38: AUSTENITIC_SS | L38: 9F4M_AUSTENITIC_SS_AIR | M38: 9F412_AUSTENITIC_JC | N38: =IF(UNIT_SYSTEM="SI",IF(Z38="","",Z38),IF(AA38="","",AA38)) | O38: =IF(UNIT_SYSTEM="SI",IF(AB38="","",AB38),IF(AC38="","",AC38)) | Q38: =IF(UNIT_SYSTEM="SI",IF(AD38="","",AD38),IF(AE38="","",AE38)) | R38: Austenitic: no exemption curve | T38: 170 | U38: 25 | V38: 485 | W38: 70 | X38: 195000 | Y38: 28282.4 | AE38: plane_strain
A40: Source: data/materials_db.csv. Specified minimum strengths per material specification (confirm against the current edition); exemption curves per API 579 Part 3 Table 3.2; E values typical. Values follow the Unit System drop-down on the Cover sheet.

Sheet DB_Growth
A1: model_id | B1: R_range | C1: API table | D1: equation | E1: description | F1: applicability | G1: =IF(UNIT_SYSTEM="SI","C1 (mm/cycle)","C1 (in/cycle)") | H1: n1 | I1: =IF(UNIT_SYSTEM="SI","C2 (mm/cycle)","C2 (in/cycle)") | J1: n2 | K1: =IF(UNIT_SYSTEM="SI","dK transition (MPa√m)","dK transition (ksi√in)") | L1: =IF(UNIT_SYSTEM="SI","dKth (MPa√m)","dKth (ksi√in)") | M1: C1_SI_mm_cycle (source) | N1: C1_US_in_cycle (source) | O1: C2_SI_mm_cycle (source) | P1: C2_US_in_cycle (source) | Q1: dKtran_SI (source) | R1: dKtran_US (source) | S1: dKth_SI (source) | T1: dKth_US (source)
A2: PROJECT_MATERIAL_DATA | B2: ALL | C2: Material DB | D2: PARIS_9F135 | E2: C, n, dKth from selected material record | F2: Approved material-specific data | G2: =IF(UNIT_SYSTEM="SI",IF(M2="","",M2),IF(N2="","",N2)) | I2: =IF(UNIT_SYSTEM="SI",IF(O2="","",O2),IF(P2="","",P2)) | K2: =IF(UNIT_SYSTEM="SI",IF(Q2="","",Q2),IF(R2="","",R2)) | L2: =IF(UNIT_SYSTEM="SI",IF(S2="","",S2),IF(T2="","",T2))
A3: PROJECT_USER_PARIS | B3: ALL | C3: Project | D3: PARIS_9F135 | E3: User-entered Paris C, n, dKth (4_Crack_Growth sheet) | F3: Approved project data | G3: =IF(UNIT_SYSTEM="SI",IF(M3="","",M3),IF(N3="","",N3)) | I3: =IF(UNIT_SYSTEM="SI",IF(O3="","",O3),IF(P3="","",P3)) | K3: =IF(UNIT_SYSTEM="SI",IF(Q3="","",Q3),IF(R3="","",R3)) | L3: =IF(UNIT_SYSTEM="SI",IF(S3="","",S3),IF(T3="","",T3))
A4: 9F4M_MARTENSITIC_AIR | B4: ALL | C4: =IF(UNIT_SYSTEM="SI","9F.4M","9F.4") | D4: PARIS_9F135 | E4: Barsom - martensitic steel, air | F4: Sy 552-2068 MPa (80-300 ksi); room temperature; air/non-aggressive | G4: =IF(UNIT_SYSTEM="SI",IF(M4="","",M4),IF(N4="","",N4)) | H4: 2.25 | I4: =IF(UNIT_SYSTEM="SI",IF(O4="","",O4),IF(P4="","",P4)) | K4: =IF(UNIT_SYSTEM="SI",IF(Q4="","",Q4),IF(R4="","",R4)) | L4: =IF(UNIT_SYSTEM="SI",IF(S4="","",S4),IF(T4="","",T4)) | M4: 1.36e-07 | N4: 6.6e-09 | S4: 7.0*(1-0.85*R) | T4: 6.37*(1-0.85*R)
A5: 9F4M_FERRITIC_PEARLITE_AIR | B5: ALL | C5: =IF(UNIT_SYSTEM="SI","9F.4M","9F.4") | D5: PARIS_9F135 | E5: Barsom - ferritic-pearlite steel, air | F5: Room temperature; air/non-aggressive | G5: =IF(UNIT_SYSTEM="SI",IF(M5="","",M5),IF(N5="","",N5)) | H5: 3 | I5: =IF(UNIT_SYSTEM="SI",IF(O5="","",O5),IF(P5="","",P5)) | K5: =IF(UNIT_SYSTEM="SI",IF(Q5="","",Q5),IF(R5="","",R5)) | L5: =IF(UNIT_SYSTEM="SI",IF(S5="","",S5),IF(T5="","",T5)) | M5: 6.89e-09 | N5: 3.6e-10 | S5: 7.0*(1-0.85*R) | T5: 6.37*(1-0.85*R)
A6: 9F4M_AUSTENITIC_SS_AIR | B6: ALL | C6: =IF(UNIT_SYSTEM="SI","9F.4M","9F.4") | D6: PARIS_9F135 | E6: Barsom - austenitic stainless steel, air | F6: Room temperature; air/non-aggressive | G6: =IF(UNIT_SYSTEM="SI",IF(M6="","",M6),IF(N6="","",N6)) | H6: 3.25 | I6: =IF(UNIT_SYSTEM="SI",IF(O6="","",O6),IF(P6="","",P6)) | K6: =IF(UNIT_SYSTEM="SI",IF(Q6="","",Q6),IF(R6="","",R6)) | L6: =IF(UNIT_SYSTEM="SI",IF(S6="","",S6),IF(T6="","",T6)) | M6: 5.61e-09 | N6: 3e-10 | S6: 7.0*(1-0.85*R) | T6: 6.37*(1-0.85*R)
A7: 9F5M_WELD_UPPER | B7: ALL | C7: =IF(UNIT_SYSTEM="SI","9F.5M","9F.5") | D7: WELD_9F140 | E7: Welded joints - upper bound (99.5% survival) | F7: Steels in air/non-corrosive; constant or random amplitude | G7: =IF(UNIT_SYSTEM="SI",IF(M7="","",M7),IF(N7="","",N7)) | H7: 2.75 | I7: =IF(UNIT_SYSTEM="SI",IF(O7="","",O7),IF(P7="","",P7)) | K7: =IF(UNIT_SYSTEM="SI",IF(Q7="","",Q7),IF(R7="","",R7)) | L7: =IF(UNIT_SYSTEM="SI",IF(S7="","",S7),IF(T7="","",T7)) | M7: 2.6e-08 | N7: 1.33e-09 | S7: 2 | T7: 1.82
A8: 9F5M_WELD_MEAN | B8: ALL | C8: =IF(UNIT_SYSTEM="SI","9F.5M","9F.5") | D8: WELD_9F140 | E8: Welded joints - mean (50% survival) | F8: Steels in air/non-corrosive; constant or random amplitude | G8: =IF(UNIT_SYSTEM="SI",IF(M8="","",M8),IF(N8="","",N8)) | H8: 2.75 | I8: =IF(UNIT_SYSTEM="SI",IF(O8="","",O8),IF(P8="","",P8)) | K8: =IF(UNIT_SYSTEM="SI",IF(Q8="","",Q8),IF(R8="","",R8)) | L8: =IF(UNIT_SYSTEM="SI",IF(S8="","",S8),IF(T8="","",T8)) | M8: 1.45e-08 | N8: 7.4e-10 | S8: 2.45 | T8: 2.18
A9: 9F6M_AIR_LE100C | B9: ALL | C9: =IF(UNIT_SYSTEM="SI","9F.6M","9F.6") | D9: PARIS_9F135 | E9: BS 7910 screening - air <= 100 C (212 F) | F9: Ferritic/austenitic; Sy <= 600 MPa (87 ksi) | G9: =IF(UNIT_SYSTEM="SI",IF(M9="","",M9),IF(N9="","",N9)) | H9: 3 | I9: =IF(UNIT_SYSTEM="SI",IF(O9="","",O9),IF(P9="","",P9)) | K9: =IF(UNIT_SYSTEM="SI",IF(Q9="","",Q9),IF(R9="","",R9)) | L9: =IF(UNIT_SYSTEM="SI",IF(S9="","",S9),IF(T9="","",T9)) | M9: 1.65e-08 | N9: 8.61e-10 | S9: 2 | T9: 1.8
A10: 9F6M_AIR_100_600C | B10: ALL | C10: =IF(UNIT_SYSTEM="SI","9F.6M","9F.6") | D10: PARIS_TEMP_9F137 | E10: BS 7910 screening - air 100-600 C (212-1112 F), f >= 1 Hz | F10: Ferritic/austenitic; requires E ratio (Eq. 9F.139) | G10: =IF(UNIT_SYSTEM="SI",IF(M10="","",M10),IF(N10="","",N10)) | H10: 3 | I10: =IF(UNIT_SYSTEM="SI",IF(O10="","",O10),IF(P10="","",P10)) | K10: =IF(UNIT_SYSTEM="SI",IF(Q10="","",Q10),IF(R10="","",R10)) | L10: =IF(UNIT_SYSTEM="SI",IF(S10="","",S10),IF(T10="","",T10)) | M10: 1.65e-08 | N10: 8.61e-10 | S10: 2 | T10: 1.8
A11: 9F6M_MARINE_CP | B11: ALL | C11: =IF(UNIT_SYSTEM="SI","9F.6M","9F.6") | D11: PARIS_9F135 | E11: BS 7910 screening - marine with CP <= 20 C (68 F) | F11: Ferritic steels | G11: =IF(UNIT_SYSTEM="SI",IF(M11="","",M11),IF(N11="","",N11)) | H11: 3 | I11: =IF(UNIT_SYSTEM="SI",IF(O11="","",O11),IF(P11="","",P11)) | K11: =IF(UNIT_SYSTEM="SI",IF(Q11="","",Q11),IF(R11="","",R11)) | L11: =IF(UNIT_SYSTEM="SI",IF(S11="","",S11),IF(T11="","",T11)) | M11: 7.27e-08 | N11: 3.8e-09 | S11: 2 | T11: 1.8
A12: 9F6M_MARINE_FREE | B12: ALL | C12: =IF(UNIT_SYSTEM="SI","9F.6M","9F.6") | D12: PARIS_9F135 | E12: BS 7910 screening - marine without CP <= 20 C (68 F) | F12: Ferritic steels | G12: =IF(UNIT_SYSTEM="SI",IF(M12="","",M12),IF(N12="","",N12)) | H12: 3 | I12: =IF(UNIT_SYSTEM="SI",IF(O12="","",O12),IF(P12="","",P12)) | K12: =IF(UNIT_SYSTEM="SI",IF(Q12="","",Q12),IF(R12="","",R12)) | L12: =IF(UNIT_SYSTEM="SI",IF(S12="","",S12),IF(T12="","",T12)) | M12: 7.27e-08 | N12: 3.8e-09 | S12: 0 | T12: 0
A13: 9F7M_AIR_UPPER | B13: R<0.5 | C13: =IF(UNIT_SYSTEM="SI","9F.7/9F.8M","9F.7/9F.8") | D13: BILINEAR_9F149 | E13: Steel in air - two-stage, mean+2SD | F13: Thresholds Table 9F.8; Sy <= 700 MPa (101 ksi), air <= 100 C | G13: =IF(UNIT_SYSTEM="SI",IF(M13="","",M13),IF(N13="","",N13)) | H13: 8.16 | I13: =IF(UNIT_SYSTEM="SI",IF(O13="","",O13),IF(P13="","",P13)) | J13: 2.88 | K13: =IF(UNIT_SYSTEM="SI",IF(Q13="","",Q13),IF(R13="","",R13)) | L13: =IF(UNIT_SYSTEM="SI",IF(S13="","",S13),IF(T13="","",T13)) | M13: 7.59e-14 | N13: 6.45e-15 | O13: 1.41e-08 | P13: 7.31e-10 | Q13: 9.96 | R13: 9.07 | S13: 2 | T13: 1.8
A14: 9F7M_AIR_MEAN | B14: R<0.5 | C14: =IF(UNIT_SYSTEM="SI","9F.7/9F.8M","9F.7/9F.8") | D14: BILINEAR_9F149 | E14: Steel in air - two-stage, mean | F14: Thresholds Table 9F.8; Sy <= 700 MPa (101 ksi), air <= 100 C | G14: =IF(UNIT_SYSTEM="SI",IF(M14="","",M14),IF(N14="","",N14)) | H14: 8.16 | I14: =IF(UNIT_SYSTEM="SI",IF(O14="","",O14),IF(P14="","",P14)) | J14: 2.88 | K14: =IF(UNIT_SYSTEM="SI",IF(Q14="","",Q14),IF(R14="","",R14)) | L14: =IF(UNIT_SYSTEM="SI",IF(S14="","",S14),IF(T14="","",T14)) | M14: 2.1e-14 | N14: 1.79e-15 | O14: 8.32e-09 | P14: 4.29e-10 | Q14: 11.48 | R14: 10.45 | S14: 2 | T14: 1.8
A15: 9F7M_AIR_UPPER | B15: R>=0.5 | C15: =IF(UNIT_SYSTEM="SI","9F.7/9F.8M","9F.7/9F.8") | D15: BILINEAR_9F149 | E15: Steel in air - two-stage, mean+2SD | F15: Thresholds Table 9F.8; Sy <= 700 MPa (101 ksi), air <= 100 C | G15: =IF(UNIT_SYSTEM="SI",IF(M15="","",M15),IF(N15="","",N15)) | H15: 5.1 | I15: =IF(UNIT_SYSTEM="SI",IF(O15="","",O15),IF(P15="","",P15)) | J15: 2.88 | K15: =IF(UNIT_SYSTEM="SI",IF(Q15="","",Q15),IF(R15="","",R15)) | L15: =IF(UNIT_SYSTEM="SI",IF(S15="","",S15),IF(T15="","",T15)) | M15: 9.38e-10 | N15: 5.97e-11 | O15: 2.7e-08 | P15: 1.39e-09 | Q15: 4.55 | R15: 4.14 | S15: 2 | T15: 1.8
A16: 9F7M_AIR_MEAN | B16: R>=0.5 | C16: =IF(UNIT_SYSTEM="SI","9F.7/9F.8M","9F.7/9F.8") | D16: BILINEAR_9F149 | E16: Steel in air - two-stage, mean | F16: Thresholds Table 9F.8; Sy <= 700 MPa (101 ksi), air <= 100 C | G16: =IF(UNIT_SYSTEM="SI",IF(M16="","",M16),IF(N16="","",N16)) | H16: 5.1 | I16: =IF(UNIT_SYSTEM="SI",IF(O16="","",O16),IF(P16="","",P16)) | J16: 2.88 | K16: =IF(UNIT_SYSTEM="SI",IF(Q16="","",Q16),IF(R16="","",R16)) | L16: =IF(UNIT_SYSTEM="SI",IF(S16="","",S16),IF(T16="","",T16)) | M16: 2.14e-10 | N16: 1.37e-11 | O16: 1.22e-08 | P16: 6.32e-10 | Q16: 6.2 | R16: 5.64 | S16: 2 | T16: 1.8
A17: 9F7M_MARINE_FREE_UPPER | B17: R<0.5 | C17: =IF(UNIT_SYSTEM="SI","9F.7/9F.8M","9F.7/9F.8") | D17: BILINEAR_9F149 | E17: Steel freely corroding, marine - two-stage, mean+2SD | F17: Thresholds Table 9F.8; Sy <= 600 MPa (87 ksi), excl. austenitic/duplex, <= 20 C | G17: =IF(UNIT_SYSTEM="SI",IF(M17="","",M17),IF(N17="","",N17)) | H17: 3.42 | I17: =IF(UNIT_SYSTEM="SI",IF(O17="","",O17),IF(P17="","",P17)) | J17: 1.3 | K17: =IF(UNIT_SYSTEM="SI",IF(Q17="","",Q17),IF(R17="","",R17)) | L17: =IF(UNIT_SYSTEM="SI",IF(S17="","",S17),IF(T17="","",T17)) | M17: 1.15e-08 | N17: 6.27e-10 | O17: 1.72e-05 | P17: 7.65e-07 | Q17: 31.4 | R17: 28.58 | S17: 0 | T17: 0
A18: 9F7M_MARINE_FREE_MEAN | B18: R<0.5 | C18: =IF(UNIT_SYSTEM="SI","9F.7/9F.8M","9F.7/9F.8") | D18: BILINEAR_9F149 | E18: Steel freely corroding, marine - two-stage, mean | F18: Thresholds Table 9F.8; Sy <= 600 MPa (87 ksi), excl. austenitic/duplex, <= 20 C | G18: =IF(UNIT_SYSTEM="SI",IF(M18="","",M18),IF(N18="","",N18)) | H18: 3.42 | I18: =IF(UNIT_SYSTEM="SI",IF(O18="","",O18),IF(P18="","",P18)) | J18: 1.3 | K18: =IF(UNIT_SYSTEM="SI",IF(Q18="","",Q18),IF(R18="","",R18)) | L18: =IF(UNIT_SYSTEM="SI",IF(S18="","",S18),IF(T18="","",T18)) | M18: 4.05e-09 | N18: 2.2e-10 | O18: 1.13e-05 | P18: 5.04e-07 | Q18: 42.25 | R18: 38.45 | S18: 0 | T18: 0
A19: 9F7M_MARINE_FREE_UPPER | B19: R>=0.5 | C19: =IF(UNIT_SYSTEM="SI","9F.7/9F.8M","9F.7/9F.8") | D19: BILINEAR_9F149 | E19: Steel freely corroding, marine - two-stage, mean+2SD | F19: Thresholds Table 9F.8; Sy <= 600 MPa (87 ksi), excl. austenitic/duplex, <= 20 C | G19: =IF(UNIT_SYSTEM="SI",IF(M19="","",M19),IF(N19="","",N19)) | H19: 3.42 | I19: =IF(UNIT_SYSTEM="SI",IF(O19="","",O19),IF(P19="","",P19)) | J19: 1.11 | K19: =IF(UNIT_SYSTEM="SI",IF(Q19="","",Q19),IF(R19="","",R19)) | L19: =IF(UNIT_SYSTEM="SI",IF(S19="","",S19),IF(T19="","",T19)) | M19: 2.32e-08 | N19: 1.26e-09 | O19: 3.46e-05 | P19: 1.51e-06 | Q19: 23.65 | R19: 21.53 | S19: 0 | T19: 0
A20: 9F7M_MARINE_FREE_MEAN | B20: R>=0.5 | C20: =IF(UNIT_SYSTEM="SI","9F.7/9F.8M","9F.7/9F.8") | D20: BILINEAR_9F149 | E20: Steel freely corroding, marine - two-stage, mean | F20: Thresholds Table 9F.8; Sy <= 600 MPa (87 ksi), excl. austenitic/duplex, <= 20 C | G20: =IF(UNIT_SYSTEM="SI",IF(M20="","",M20),IF(N20="","",N20)) | H20: 3.42 | I20: =IF(UNIT_SYSTEM="SI",IF(O20="","",O20),IF(P20="","",P20)) | J20: 1.11 | K20: =IF(UNIT_SYSTEM="SI",IF(Q20="","",Q20),IF(R20="","",R20)) | L20: =IF(UNIT_SYSTEM="SI",IF(S20="","",S20),IF(T20="","",T20)) | M20: 7.24e-09 | N20: 3.94e-10 | O20: 2.62e-05 | P20: 1.15e-06 | Q20: 34.72 | R20: 31.6 | S20: 0 | T20: 0
A21: 9F7M_MARINE_CP850_UPPER | B21: R<0.5 | C21: =IF(UNIT_SYSTEM="SI","9F.7/9F.8M","9F.7/9F.8") | D21: BILINEAR_9F149 | E21: Steel, marine, CP -850 mV (Ag/AgCl) - two-stage, mean+2SD | F21: Thresholds Table 9F.8; Sy <= 600 MPa (87 ksi), excl. austenitic/duplex, <= 20 C | G21: =IF(UNIT_SYSTEM="SI",IF(M21="","",M21),IF(N21="","",N21)) | H21: 8.16 | I21: =IF(UNIT_SYSTEM="SI",IF(O21="","",O21),IF(P21="","",P21)) | J21: 2.67 | K21: =IF(UNIT_SYSTEM="SI",IF(Q21="","",Q21),IF(R21="","",R21)) | L21: =IF(UNIT_SYSTEM="SI",IF(S21="","",S21),IF(T21="","",T21)) | M21: 7.59e-14 | N21: 6.45e-15 | O21: 1.34e-07 | P21: 6.76e-09 | Q21: 13.72 | R21: 12.49 | S21: 2 | T21: 1.8
A22: 9F7M_MARINE_CP850_MEAN | B22: R<0.5 | C22: =IF(UNIT_SYSTEM="SI","9F.7/9F.8M","9F.7/9F.8") | D22: BILINEAR_9F149 | E22: Steel, marine, CP -850 mV (Ag/AgCl) - two-stage, mean | F22: Thresholds Table 9F.8; Sy <= 600 MPa (87 ksi), excl. austenitic/duplex, <= 20 C | G22: =IF(UNIT_SYSTEM="SI",IF(M22="","",M22),IF(N22="","",N22)) | H22: 8.16 | I22: =IF(UNIT_SYSTEM="SI",IF(O22="","",O22),IF(P22="","",P22)) | J22: 2.67 | K22: =IF(UNIT_SYSTEM="SI",IF(Q22="","",Q22),IF(R22="","",R22)) | L22: =IF(UNIT_SYSTEM="SI",IF(S22="","",S22),IF(T22="","",T22)) | M22: 2.1e-14 | N22: 1.79e-15 | O22: 5.22e-08 | P22: 2.64e-09 | Q22: 14.61 | R22: 13.3 | S22: 2 | T22: 1.8
A23: 9F7M_MARINE_CP850_UPPER | B23: R>=0.5 | C23: =IF(UNIT_SYSTEM="SI","9F.7/9F.8M","9F.7/9F.8") | D23: BILINEAR_9F149 | E23: Steel, marine, CP -850 mV (Ag/AgCl) - two-stage, mean+2SD | F23: Thresholds Table 9F.8; Sy <= 600 MPa (87 ksi), excl. austenitic/duplex, <= 20 C | G23: =IF(UNIT_SYSTEM="SI",IF(M23="","",M23),IF(N23="","",N23)) | H23: 5.1 | I23: =IF(UNIT_SYSTEM="SI",IF(O23="","",O23),IF(P23="","",P23)) | J23: 2.67 | K23: =IF(UNIT_SYSTEM="SI",IF(Q23="","",Q23),IF(R23="","",R23)) | L23: =IF(UNIT_SYSTEM="SI",IF(S23="","",S23),IF(T23="","",T23)) | M23: 9.38e-10 | N23: 5.97e-11 | O23: 2.04e-07 | P23: 1.03e-08 | Q23: 9.17 | R23: 8.35 | S23: 2 | T23: 1.8
A24: 9F7M_MARINE_CP850_MEAN | B24: R>=0.5 | C24: =IF(UNIT_SYSTEM="SI","9F.7/9F.8M","9F.7/9F.8") | D24: BILINEAR_9F149 | E24: Steel, marine, CP -850 mV (Ag/AgCl) - two-stage, mean | F24: Thresholds Table 9F.8; Sy <= 600 MPa (87 ksi), excl. austenitic/duplex, <= 20 C | G24: =IF(UNIT_SYSTEM="SI",IF(M24="","",M24),IF(N24="","",N24)) | H24: 5.1 | I24: =IF(UNIT_SYSTEM="SI",IF(O24="","",O24),IF(P24="","",P24)) | J24: 2.67 | K24: =IF(UNIT_SYSTEM="SI",IF(Q24="","",Q24),IF(R24="","",R24)) | L24: =IF(UNIT_SYSTEM="SI",IF(S24="","",S24),IF(T24="","",T24)) | M24: 2.14e-10 | N24: 1.37e-11 | O24: 6.07e-08 | P24: 3.07e-09 | Q24: 10.21 | R24: 9.3 | S24: 2 | T24: 1.8
... A28: 9F7M_MARINE_CP1100_MEAN | B28: R>=0.5 | C28: =IF(UNIT_SYSTEM="SI","9F.7/9F.8M","9F.7/9F.8") | D28: BILINEAR_9F149 | E28: Steel, marine, CP -1100 mV (Ag/AgCl) - two-stage, mean | F28: Thresholds Table 9F.8; Sy <= 600 MPa (87 ksi), excl. austenitic/duplex, <= 20 C | G28: =IF(UNIT_SYSTEM="SI",IF(M28="","",M28),IF(N28="","",N28)) | H28: 5.1 | I28: =IF(UNIT_SYSTEM="SI",IF(O28="","",O28),IF(P28="","",P28)) | J28: 1.4 | K28: =IF(UNIT_SYSTEM="SI",IF(Q28="","",Q28),IF(R28="","",R28)) | L28: =IF(UNIT_SYSTEM="SI",IF(S28="","",S28),IF(T28="","",T28)) | M28: 2.14e-10 | N28: 1.37e-11 | O28: 6.61e-06 | P28: 2.97e-07 | Q28: 16.35 | R28: 14.88 | S28: 2 | T28: 1.8
A29: 9F9M_BARSOM_FP | B29: ALL | C29: =IF(UNIT_SYSTEM="SI","9F.9M","9F.9") | D29: PARIS_9F135 | E29: Barsom & Rolfe - typical ferrite-pearlite | F29: API RP 1176 line pipe, upper bound; no tabulated threshold (dKth = 0 unless overridden) | G29: =IF(UNIT_SYSTEM="SI",IF(M29="","",M29),IF(N29="","",N29)) | H29: 3 | I29: =IF(UNIT_SYSTEM="SI",IF(O29="","",O29),IF(P29="","",P29)) | K29: =IF(UNIT_SYSTEM="SI",IF(Q29="","",Q29),IF(R29="","",R29)) | L29: =IF(UNIT_SYSTEM="SI",IF(S29="","",S29),IF(T29="","",T29)) | M29: 6.89e-09 | N29: 3.6e-10 | S29: 0 | T29: 0
A30: 9F9M_X65_AQUEOUS | B30: ALL | C30: =IF(UNIT_SYSTEM="SI","9F.9M","9F.9") | D30: PARIS_9F135 | E30: Vosikovsky - X65 aqueous | F30: API RP 1176 line pipe, upper bound; no tabulated threshold (dKth = 0 unless overridden) | G30: =IF(UNIT_SYSTEM="SI",IF(M30="","",M30),IF(N30="","",N30)) | H30: 2.82 | I30: =IF(UNIT_SYSTEM="SI",IF(O30="","",O30),IF(P30="","",P30)) | K30: =IF(UNIT_SYSTEM="SI",IF(Q30="","",Q30),IF(R30="","",R30)) | L30: =IF(UNIT_SYSTEM="SI",IF(S30="","",S30),IF(T30="","",T30)) | M30: 1.01e-08 | N30: 5.2e-10 | S30: 0 | T30: 0
A31: 9F9M_GRADE_B | B31: ALL | C31: =IF(UNIT_SYSTEM="SI","9F.9M","9F.9") | D31: PARIS_9F135 | E31: Andreason & Vitovec - Grade B | F31: API RP 1176 line pipe, upper bound; no tabulated threshold (dKth = 0 unless overridden) | G31: =IF(UNIT_SYSTEM="SI",IF(M31="","",M31),IF(N31="","",N31)) | H31: 5.4 | I31: =IF(UNIT_SYSTEM="SI",IF(O31="","",O31),IF(P31="","",P31)) | K31: =IF(UNIT_SYSTEM="SI",IF(Q31="","",Q31),IF(R31="","",R31)) | L31: =IF(UNIT_SYSTEM="SI",IF(S31="","",S31),IF(T31="","",T31)) | M31: 3.28e-12 | N31: 2.15e-13 | S31: 0 | T31: 0
A32: 9F9M_X52_DOE | B32: ALL | C32: =IF(UNIT_SYSTEM="SI","9F.9M","9F.9") | D32: PARIS_9F135 | E32: Keller et al. (DOE) - X52 | F32: API RP 1176 line pipe, upper bound; no tabulated threshold (dKth = 0 unless overridden) | G32: =IF(UNIT_SYSTEM="SI",IF(M32="","",M32),IF(N32="","",N32)) | H32: 3.77 | I32: =IF(UNIT_SYSTEM="SI",IF(O32="","",O32),IF(P32="","",P32)) | K32: =IF(UNIT_SYSTEM="SI",IF(Q32="","",Q32),IF(R32="","",R32)) | L32: =IF(UNIT_SYSTEM="SI",IF(S32="","",S32),IF(T32="","",T32)) | M32: 7.66e-10 | N32: 4.3e-11 | S32: 0 | T32: 0
A33: 9F9M_TMCP | B33: ALL | C33: =IF(UNIT_SYSTEM="SI","9F.9M","9F.9") | D33: PARIS_9F135 | E33: San Marchi / Stahlheim - TMCP | F33: API RP 1176 line pipe, upper bound; no tabulated threshold (dKth = 0 unless overridden) | G33: =IF(UNIT_SYSTEM="SI",IF(M33="","",M33),IF(N33="","",N33)) | H33: 3.5 | I33: =IF(UNIT_SYSTEM="SI",IF(O33="","",O33),IF(P33="","",P33)) | K33: =IF(UNIT_SYSTEM="SI",IF(Q33="","",Q33),IF(R33="","",R33)) | L33: =IF(UNIT_SYSTEM="SI",IF(S33="","",S33),IF(T33="","",T33)) | M33: 2.45e-12 | N33: 1.34e-13 | S33: 0 | T33: 0
A34: 9F9M_VINTAGE_DC_ERW | B34: ALL | C34: =IF(UNIT_SYSTEM="SI","9F.9M","9F.9") | D34: PARIS_9F135 | E34: Vintage 1950s - Youngstown DC-ERW | F34: API RP 1176 line pipe, upper bound; no tabulated threshold (dKth = 0 unless overridden) | G34: =IF(UNIT_SYSTEM="SI",IF(M34="","",M34),IF(N34="","",N34)) | H34: 3.31 | I34: =IF(UNIT_SYSTEM="SI",IF(O34="","",O34),IF(P34="","",P34)) | K34: =IF(UNIT_SYSTEM="SI",IF(Q34="","",Q34),IF(R34="","",R34)) | L34: =IF(UNIT_SYSTEM="SI",IF(S34="","",S34),IF(T34="","",T34)) | M34: 2.08e-09 | N34: 1.12e-10 | S34: 0 | T34: 0
A35: 9F9M_VINTAGE_KAISER_SSAW | B35: ALL | C35: =IF(UNIT_SYSTEM="SI","9F.9M","9F.9") | D35: PARIS_9F135 | E35: Vintage 1950s - Kaiser SSAW | F35: API RP 1176 line pipe, upper bound; no tabulated threshold (dKth = 0 unless overridden) | G35: =IF(UNIT_SYSTEM="SI",IF(M35="","",M35),IF(N35="","",N35)) | H35: 4.01 | I35: =IF(UNIT_SYSTEM="SI",IF(O35="","",O35),IF(P35="","",P35)) | K35: =IF(UNIT_SYSTEM="SI",IF(Q35="","",Q35),IF(R35="","",R35)) | L35: =IF(UNIT_SYSTEM="SI",IF(S35="","",S35),IF(T35="","",T35)) | M35: 2.63e-10 | N35: 1.51e-11 | S35: 0 | T35: 0
A36: 9F9M_VINTAGE_AO_SMITH | B36: ALL | C36: =IF(UNIT_SYSTEM="SI","9F.9M","9F.9") | D36: PARIS_9F135 | E36: Vintage 1950s - A.O. Smith | F36: API RP 1176 line pipe, upper bound; no tabulated threshold (dKth = 0 unless overridden) | G36: =IF(UNIT_SYSTEM="SI",IF(M36="","",M36),IF(N36="","",N36)) | H36: 3.89 | I36: =IF(UNIT_SYSTEM="SI",IF(O36="","",O36),IF(P36="","",P36)) | K36: =IF(UNIT_SYSTEM="SI",IF(Q36="","",Q36),IF(R36="","",R36)) | L36: =IF(UNIT_SYSTEM="SI",IF(S36="","",S36),IF(T36="","",T36)) | M36: 4.1e-10 | N36: 2.33e-11 | S36: 0 | T36: 0
A37: 9F9M_X60_SCC_FATIGUE | B37: ALL | C37: =IF(UNIT_SYSTEM="SI","9F.9M","9F.9") | D37: PARIS_9F135 | E37: Lambert et al. - X60 fatigue component of SCC lab test | F37: API RP 1176 line pipe, upper bound; no tabulated threshold (dKth = 0 unless overridden) | G37: =IF(UNIT_SYSTEM="SI",IF(M37="","",M37),IF(N37="","",N37)) | H37: 3.97 | I37: =IF(UNIT_SYSTEM="SI",IF(O37="","",O37),IF(P37="","",P37)) | K37: =IF(UNIT_SYSTEM="SI",IF(Q37="","",Q37),IF(R37="","",R37)) | L37: =IF(UNIT_SYSTEM="SI",IF(S37="","",S37),IF(T37="","",T37)) | M37: 2.67e-13 | N37: 1.53e-14 | S37: 0 | T37: 0
A38: 9F9M_X52_ERW_AIR | B38: ALL | C38: =IF(UNIT_SYSTEM="SI","9F.9M","9F.9") | D38: PARIS_9F135 | E38: Maxey - 250/300 mm OD X52 ERW, air | F38: API RP 1176 line pipe, upper bound; no tabulated threshold (dKth = 0 unless overridden) | G38: =IF(UNIT_SYSTEM="SI",IF(M38="","",M38),IF(N38="","",N38)) | H38: 4 | I38: =IF(UNIT_SYSTEM="SI",IF(O38="","",O38),IF(P38="","",P38)) | K38: =IF(UNIT_SYSTEM="SI",IF(Q38="","",Q38),IF(R38="","",R38)) | L38: =IF(UNIT_SYSTEM="SI",IF(S38="","",S38),IF(T38="","",T38)) | M38: 3.69e-10 | N38: 2.12e-11 | S38: 0 | T38: 0
A39: 9F9M_X52_ERW_NACL | B39: ALL | C39: =IF(UNIT_SYSTEM="SI","9F.9M","9F.9") | D39: PARIS_9F135 | E39: Maxey - 250/300 mm OD X52 ERW, NaCl free corrosion | F39: API RP 1176 line pipe, upper bound; no tabulated threshold (dKth = 0 unless overridden) | G39: =IF(UNIT_SYSTEM="SI",IF(M39="","",M39),IF(N39="","",N39)) | H39: 3.6 | I39: =IF(UNIT_SYSTEM="SI",IF(O39="","",O39),IF(P39="","",P39)) | K39: =IF(UNIT_SYSTEM="SI",IF(Q39="","",Q39),IF(R39="","",R39)) | L39: =IF(UNIT_SYSTEM="SI",IF(S39="","",S39),IF(T39="","",T39)) | M39: 1.51e-09 | N39: 8.33e-11 | S39: 0 | T39: 0
A40: 9F9M_X65_AIR | B40: ALL | C40: =IF(UNIT_SYSTEM="SI","9F.9M","9F.9") | D40: BILINEAR_9F149 | E40: Vosikovsky - X65 air (bilinear) | F40: API RP 1176 line pipe, upper bound; no tabulated threshold | G40: =IF(UNIT_SYSTEM="SI",IF(M40="","",M40),IF(N40="","",N40)) | H40: 3.5 | I40: =IF(UNIT_SYSTEM="SI",IF(O40="","",O40),IF(P40="","",P40)) | J40: 2.5 | K40: =IF(UNIT_SYSTEM="SI",IF(Q40="","",Q40),IF(R40="","",R40)) | L40: =IF(UNIT_SYSTEM="SI",IF(S40="","",S40),IF(T40="","",T40)) | M40: 1.24e-09 | N40: 6.8e-11 | O40: 5.42e-08 | P40: 2.7e-09 | Q40: 20 | R40: 18 | S40: 0 | T40: 0
A41: 9F9M_X65_SWEAT_CRUDE | B41: ALL | C41: =IF(UNIT_SYSTEM="SI","9F.9M","9F.9") | D41: BILINEAR_9F149 | E41: Vosikovsky - X65 sweat crude (bilinear) | F41: API RP 1176 line pipe, upper bound; no tabulated threshold | G41: =IF(UNIT_SYSTEM="SI",IF(M41="","",M41),IF(N41="","",N41)) | H41: 4.8 | I41: =IF(UNIT_SYSTEM="SI",IF(O41="","",O41),IF(P41="","",P41)) | J41: 1.9 | K41: =IF(UNIT_SYSTEM="SI",IF(Q41="","",Q41),IF(R41="","",R41)) | L41: =IF(UNIT_SYSTEM="SI",IF(S41="","",S41),IF(T41="","",T41)) | M41: 2.26e-11 | N41: 1.4e-12 | O41: 8.07e-07 | P41: 3.8e-08 | Q41: 34 | R41: 31 | S41: 0 | T41: 0
A42: 9F9M_X65_SOUR_CRUDE | B42: ALL | C42: =IF(UNIT_SYSTEM="SI","9F.9M","9F.9") | D42: BILINEAR_9F149 | E42: Vosikovsky - X65 sour crude (bilinear) | F42: API RP 1176 line pipe, upper bound; no tabulated threshold | G42: =IF(UNIT_SYSTEM="SI",IF(M42="","",M42),IF(N42="","",N42)) | H42: 6.4 | I42: =IF(UNIT_SYSTEM="SI",IF(O42="","",O42),IF(P42="","",P42)) | J42: 2.7 | K42: =IF(UNIT_SYSTEM="SI",IF(Q42="","",Q42),IF(R42="","",R42)) | L42: =IF(UNIT_SYSTEM="SI",IF(S42="","",S42),IF(T42="","",T42)) | M42: 1.01e-12 | N42: 7.3e-14 | O42: 1.75e-07 | P42: 8.9e-09 | Q42: 25 | R42: 23 | S42: 0 | T42: 0
A43: 9F5339_SOUR_CRUDE | B43: ALL | C43: =IF(UNIT_SYSTEM="SI","9F.5.3.9M","9F.5.3.9") | D43: PIPELINE_9F156 | E43: Pipeline steel, sour crude (H2S) - Eqs. 9F.156-9F.164 (mean) | F43: API 5L at ambient temperature; requires H2S ppm | G43: =IF(UNIT_SYSTEM="SI",IF(M43="","",M43),IF(N43="","",N43)) | I43: =IF(UNIT_SYSTEM="SI",IF(O43="","",O43),IF(P43="","",P43)) | K43: =IF(UNIT_SYSTEM="SI",IF(Q43="","",Q43),IF(R43="","",R43)) | L43: =IF(UNIT_SYSTEM="SI",IF(S43="","",S43),IF(T43="","",T43)) | S43: 6
A44: 9F5339_SWEAT_CRUDE | B44: ALL | C44: =IF(UNIT_SYSTEM="SI","9F.5.3.9M","9F.5.3.9") | D44: PIPELINE_9F156 | E44: Pipeline steel, sweat crude - Eqs. 9F.156-9F.159, 9F.165-9F.169 (mean) | F44: API 5L at ambient temperature | G44: =IF(UNIT_SYSTEM="SI",IF(M44="","",M44),IF(N44="","",N44)) | H44: 4.8 | I44: =IF(UNIT_SYSTEM="SI",IF(O44="","",O44),IF(P44="","",P44)) | J44: 1.9 | K44: =IF(UNIT_SYSTEM="SI",IF(Q44="","",Q44),IF(R44="","",R44)) | L44: =IF(UNIT_SYSTEM="SI",IF(S44="","",S44),IF(T44="","",T44)) | M44: 1.48e-11 | O44: 4e-07 | S44: 8
A46: Source: data/growth_models.csv (SI Tables 9F.xM / US Customary Tables 9F.x). PROJECT_* models take constants from the material record or 4_Crack_Growth. 9F.5.3.9 equations are SI-only in the standard. Values follow the Unit System drop-down on the Cover sheet.

Sheet DB_Toughness
A1: method_id | B1: clause | C1: scope | D1: status | E1: summary
A2: PROJECT_KMAT | B2: 9.3.5.2 | C2: Any | D2: IMPLEMENTED | E2: Approved measured/project Kmat, or Kmat stored in the material record
A3: PROJECT_TEST_SET | B3: 9F.3.3.2(c) / Table 9F.1 | C3: Any | D3: IMPLEMENTED | E3: Equivalent minimum-of-three from 3-30 test values with Table 9F.1 Note 2 scatter check
A4: 9F412_AUSTENITIC_JC | B4: 9F.4.12 / Table 9F.2 | C4: Austenitic SS 304/308/309/316/321/347 | D4: IMPLEMENTED | E4: Jc (mean or 90/95 lower bound) -> KJc by Eq. 9F.36; linear interpolation 125-400 C (257-752 F) per Note 3
A5: 9F42_ASME_XI_LOWER | B5: 9F.4.2 | C5: Ferritic carbon/low-alloy | D5: IMPLEMENTED | E5: KIC Eq. 9F.44 / KIR Eq. 9F.46 with Tref by DIRECT, EQ_9F29, TABLE_9_2 exact or conservative row; 9F.4.2.1(e) truncation
A6: 9F43_MASTER_CURVE | B6: 9F.4.3 | C6: Ferritic carbon/low-alloy | D6: IMPLEMENTED | E6: Eq. 9F.84 with T0 by DIRECT / Option A / Option D; optional H2 shift (9F.4.6) and 9F.4.4 upper-shelf limit
A7: 9F44_UPPER_SHELF | B7: 9F.4.4 | C7: Carbon/low-alloy | D7: IMPLEMENTED | E7: Option A Wallin CVN correlation (9F.86/9F.88/9F.90) or Option B fixed 110/220 MPa√m (100/200 ksi√in)
A8: 9F45_DYNAMIC | B8: 9F.4.5.2 | C8: Ferritic carbon/low-alloy | D8: IMPLEMENTED | E8: Master Curve with T0D = T0 + dTs (Eqs. 9F.93, 9F.95, 9F.97)
A9: 9F45_ARREST | B9: 9F.4.5.3 | C9: Ferritic carbon/low-alloy | D9: IMPLEMENTED | E9: Master Curve with T0A = T0 + dTs (Eqs. 9F.98/9F.100, 9F.102); required by 9F.4.6.2(a)(3) for H > 1 ppm in CS/low-Cr
A10: 9F47_CRMO_AGING | B10: 9F.4.7 | C10: 1.25Cr-0.5Mo / 2.25Cr-1Mo | D10: IMPLEMENTED | E10: T0 from chemistry (X-bar or J factor, Eqs. 9F.107-9F.121); lower of aged and non-aged Master Curve Kmat per 9F.4.7.1
A11: 9F46_DEGRADATION_OTHER | B11: 9F.4.6.3 | C11: Other embrittlement | D11: GATED | E11: Strain-age, 885, sigma embrittlement require test data (9F.4.6.3(b)) - use PROJECT_KMAT / PROJECT_TEST_SET
A13: Source: data/toughness_methods.csv

Sheet DB_Table9_2
A1: =IF(UNIT_SYSTEM="SI","API 579 PART 9 TABLE 9.2M - REFERENCE TEMPERATURE (SI)","API 579 PART 9 TABLE 9.2 - REFERENCE TEMPERATURE (FPS)")
A3: material_class | B3: =IF(UNIT_SYSTEM="SI","SMYS (MPa)","SMYS (ksi)") | C3: =IF(UNIT_SYSTEM="SI","Curve A (°C)","Curve A (°F)") | D3: =IF(UNIT_SYSTEM="SI","Curve B (°C)","Curve B (°F)") | E3: =IF(UNIT_SYSTEM="SI","Curve C (°C)","Curve C (°F)") | F3: =IF(UNIT_SYSTEM="SI","Curve D (°C)","Curve D (°F)") | G3: transition basis
A4: =IF(UNIT_SYSTEM="SI",IF(J4="","",J4),IF(R4="","",R4)) | B4: =IF(UNIT_SYSTEM="SI",IF(K4="","",K4),IF(S4="","",S4)) | C4: =IF(UNIT_SYSTEM="SI",IF(L4="","",L4),IF(T4="","",T4)) | D4: =IF(UNIT_SYSTEM="SI",IF(M4="","",M4),IF(U4="","",U4)) | E4: =IF(UNIT_SYSTEM="SI",IF(N4="","",N4),IF(V4="","",V4)) | F4: =IF(UNIT_SYSTEM="SI",IF(O4="","",O4),IF(W4="","",W4)) | G4: =IF(UNIT_SYSTEM="SI",IF(P4="","",P4),IF(X4="","",X4)) | J4: CARBON_STEEL | K4: 200 | L4: 32.3 | M4: 11.1 | N4: -10 | O4: -24.4 | P4: 20 J (15 ft-lb) | R4: CARBON_STEEL | S4: 30 | T4: 90.3 | U4: 52.3 | V4: 14.3 | W4: -11.7 | X4: 20 J (15 ft-lb)
A5: =IF(UNIT_SYSTEM="SI",IF(J5="","",J5),IF(R5="","",R5)) | B5: =IF(UNIT_SYSTEM="SI",IF(K5="","",K5),IF(S5="","",S5)) | C5: =IF(UNIT_SYSTEM="SI",IF(L5="","",L5),IF(T5="","",T5)) | D5: =IF(UNIT_SYSTEM="SI",IF(M5="","",M5),IF(U5="","",U5)) | E5: =IF(UNIT_SYSTEM="SI",IF(N5="","",N5),IF(V5="","",V5)) | F5: =IF(UNIT_SYSTEM="SI",IF(O5="","",O5),IF(W5="","",W5)) | G5: =IF(UNIT_SYSTEM="SI",IF(P5="","",P5),IF(X5="","",X5)) | J5: CARBON_STEEL | K5: 210 | L5: 32.1 | M5: 10.9 | N5: -10.1 | O5: -24.6 | P5: 20 J (15 ft-lb) | R5: CARBON_STEEL | S5: 32 | T5: 90 | U5: 52 | V5: 14 | W5: -12 | X5: 20 J (15 ft-lb)
A6: =IF(UNIT_SYSTEM="SI",IF(J6="","",J6),IF(R6="","",R6)) | B6: =IF(UNIT_SYSTEM="SI",IF(K6="","",K6),IF(S6="","",S6)) | C6: =IF(UNIT_SYSTEM="SI",IF(L6="","",L6),IF(T6="","",T6)) | D6: =IF(UNIT_SYSTEM="SI",IF(M6="","",M6),IF(U6="","",U6)) | E6: =IF(UNIT_SYSTEM="SI",IF(N6="","",N6),IF(V6="","",V6)) | F6: =IF(UNIT_SYSTEM="SI",IF(O6="","",O6),IF(W6="","",W6)) | G6: =IF(UNIT_SYSTEM="SI",IF(P6="","",P6),IF(X6="","",X6)) | J6: CARBON_STEEL | K6: 220 | L6: 32 | M6: 10.8 | N6: -10.3 | O6: -24.7 | P6: 20 J (15 ft-lb) | R6: CARBON_STEEL | S6: 34 | T6: 89.7 | U6: 51.7 | V6: 13.7 | W6: -12.3 | X6: 20 J (15 ft-lb)
A7: =IF(UNIT_SYSTEM="SI",IF(J7="","",J7),IF(R7="","",R7)) | B7: =IF(UNIT_SYSTEM="SI",IF(K7="","",K7),IF(S7="","",S7)) | C7: =IF(UNIT_SYSTEM="SI",IF(L7="","",L7),IF(T7="","",T7)) | D7: =IF(UNIT_SYSTEM="SI",IF(M7="","",M7),IF(U7="","",U7)) | E7: =IF(UNIT_SYSTEM="SI",IF(N7="","",N7),IF(V7="","",V7)) | F7: =IF(UNIT_SYSTEM="SI",IF(O7="","",O7),IF(W7="","",W7)) | G7: =IF(UNIT_SYSTEM="SI",IF(P7="","",P7),IF(X7="","",X7)) | J7: CARBON_STEEL | K7: 230 | L7: 31.9 | M7: 10.7 | N7: -10.4 | O7: -24.8 | P7: 20 J (15 ft-lb) | R7: CARBON_STEEL | S7: 36 | T7: 89.4 | U7: 51.4 | V7: 13.4 | W7: -12.6 | X7: 20 J (15 ft-lb)
A8: =IF(UNIT_SYSTEM="SI",IF(J8="","",J8),IF(R8="","",R8)) | B8: =IF(UNIT_SYSTEM="SI",IF(K8="","",K8),IF(S8="","",S8)) | C8: =IF(UNIT_SYSTEM="SI",IF(L8="","",L8),IF(T8="","",T8)) | D8: =IF(UNIT_SYSTEM="SI",IF(M8="","",M8),IF(U8="","",U8)) | E8: =IF(UNIT_SYSTEM="SI",IF(N8="","",N8),IF(V8="","",V8)) | F8: =IF(UNIT_SYSTEM="SI",IF(O8="","",O8),IF(W8="","",W8)) | G8: =IF(UNIT_SYSTEM="SI",IF(P8="","",P8),IF(X8="","",X8)) | J8: CARBON_STEEL | K8: 240 | L8: 31.8 | M8: 10.6 | N8: -10.5 | O8: -24.9 | P8: 20 J (15 ft-lb) | R8: CARBON_STEEL | S8: 38 | T8: 89.1 | U8: 51.1 | V8: 13.1 | W8: -12.9 | X8: 20 J (15 ft-lb)
A9: =IF(UNIT_SYSTEM="SI",IF(J9="","",J9),IF(R9="","",R9)) | B9: =IF(UNIT_SYSTEM="SI",IF(K9="","",K9),IF(S9="","",S9)) | C9: =IF(UNIT_SYSTEM="SI",IF(L9="","",L9),IF(T9="","",T9)) | D9: =IF(UNIT_SYSTEM="SI",IF(M9="","",M9),IF(U9="","",U9)) | E9: =IF(UNIT_SYSTEM="SI",IF(N9="","",N9),IF(V9="","",V9)) | F9: =IF(UNIT_SYSTEM="SI",IF(O9="","",O9),IF(W9="","",W9)) | G9: =IF(UNIT_SYSTEM="SI",IF(P9="","",P9),IF(X9="","",X9)) | J9: CARBON_STEEL | K9: 260 | L9: 31.5 | M9: 10.3 | N9: -10.8 | O9: -25.2 | P9: 20 J (15 ft-lb) | R9: CARBON_STEEL | S9: 40 | T9: 88.7 | U9: 50.7 | V9: 12.7 | W9: -13.3 | X9: 20 J (15 ft-lb)
A10: =IF(UNIT_SYSTEM="SI",IF(J10="","",J10),IF(R10="","",R10)) | B10: =IF(UNIT_SYSTEM="SI",IF(K10="","",K10),IF(S10="","",S10)) | C10: =IF(UNIT_SYSTEM="SI",IF(L10="","",L10),IF(T10="","",T10)) | D10: =IF(UNIT_SYSTEM="SI",IF(M10="","",M10),IF(U10="","",U10)) | E10: =IF(UNIT_SYSTEM="SI",IF(N10="","",N10),IF(V10="","",V10)) | F10: =IF(UNIT_SYSTEM="SI",IF(O10="","",O10),IF(W10="","",W10)) | G10: =IF(UNIT_SYSTEM="SI",IF(P10="","",P10),IF(X10="","",X10)) | J10: CARBON_STEEL | K10: 280 | L10: 31.3 | M10: 10.1 | N10: -11 | O10: -25.4 | P10: 20 J (15 ft-lb) | R10: CARBON_STEEL | S10: 42 | T10: 88.4 | U10: 50.4 | V10: 12.4 | W10: -13.6 | X10: 20 J (15 ft-lb)
A11: =IF(UNIT_SYSTEM="SI",IF(J11="","",J11),IF(R11="","",R11)) | B11: =IF(UNIT_SYSTEM="SI",IF(K11="","",K11),IF(S11="","",S11)) | C11: =IF(UNIT_SYSTEM="SI",IF(L11="","",L11),IF(T11="","",T11)) | D11: =IF(UNIT_SYSTEM="SI",IF(M11="","",M11),IF(U11="","",U11)) | E11: =IF(UNIT_SYSTEM="SI",IF(N11="","",N11),IF(V11="","",V11)) | F11: =IF(UNIT_SYSTEM="SI",IF(O11="","",O11),IF(W11="","",W11)) | G11: =IF(UNIT_SYSTEM="SI",IF(P11="","",P11),IF(X11="","",X11)) | J11: CARBON_STEEL | K11: 300 | L11: 31 | M11: 9.8 | N11: -11.3 | O11: -25.7 | P11: 20 J (15 ft-lb) | R11: CARBON_STEEL | S11: 44 | T11: 88.1 | U11: 50.1 | V11: 12.1 | W11: -13.9 | X11: 20 J (15 ft-lb)
A12: =IF(UNIT_SYSTEM="SI",IF(J12="","",J12),IF(R12="","",R12)) | B12: =IF(UNIT_SYSTEM="SI",IF(K12="","",K12),IF(S12="","",S12)) | C12: =IF(UNIT_SYSTEM="SI",IF(L12="","",L12),IF(T12="","",T12)) | D12: =IF(UNIT_SYSTEM="SI",IF(M12="","",M12),IF(U12="","",U12)) | E12: =IF(UNIT_SYSTEM="SI",IF(N12="","",N12),IF(V12="","",V12)) | F12: =IF(UNIT_SYSTEM="SI",IF(O12="","",O12),IF(W12="","",W12)) | G12: =IF(UNIT_SYSTEM="SI",IF(P12="","",P12),IF(X12="","",X12)) | J12: CARBON_STEEL | K12: 320 | L12: 30.7 | M12: 9.5 | N12: -11.5 | O12: -26 | P12: 20 J (15 ft-lb) | R12: CARBON_STEEL | S12: 46 | T12: 87.8 | U12: 49.8 | V12: 11.8 | W12: -14.2 | X12: 20 J (15 ft-lb)
A13: =IF(UNIT_SYSTEM="SI",IF(J13="","",J13),IF(R13="","",R13)) | B13: =IF(UNIT_SYSTEM="SI",IF(K13="","",K13),IF(S13="","",S13)) | C13: =IF(UNIT_SYSTEM="SI",IF(L13="","",L13),IF(T13="","",T13)) | D13: =IF(UNIT_SYSTEM="SI",IF(M13="","",M13),IF(U13="","",U13)) | E13: =IF(UNIT_SYSTEM="SI",IF(N13="","",N13),IF(V13="","",V13)) | F13: =IF(UNIT_SYSTEM="SI",IF(O13="","",O13),IF(W13="","",W13)) | G13: =IF(UNIT_SYSTEM="SI",IF(P13="","",P13),IF(X13="","",X13)) | J13: CARBON_STEEL | K13: 340 | L13: 30.5 | M13: 9.3 | N13: -11.8 | O13: -26.2 | P13: 20 J (15 ft-lb) | R13: CARBON_STEEL | S13: 48 | T13: 87.5 | U13: 49.5 | V13: 11.5 | W13: -14.5 | X13: 20 J (15 ft-lb)
A14: =IF(UNIT_SYSTEM="SI",IF(J14="","",J14),IF(R14="","",R14)) | B14: =IF(UNIT_SYSTEM="SI",IF(K14="","",K14),IF(S14="","",S14)) | C14: =IF(UNIT_SYSTEM="SI",IF(L14="","",L14),IF(T14="","",T14)) | D14: =IF(UNIT_SYSTEM="SI",IF(M14="","",M14),IF(U14="","",U14)) | E14: =IF(UNIT_SYSTEM="SI",IF(N14="","",N14),IF(V14="","",V14)) | F14: =IF(UNIT_SYSTEM="SI",IF(O14="","",O14),IF(W14="","",W14)) | G14: =IF(UNIT_SYSTEM="SI",IF(P14="","",P14),IF(X14="","",X14)) | J14: CARBON_STEEL | K14: 360 | L14: 30.2 | M14: 9 | N14: -12.1 | O14: -26.5 | P14: 20 J (15 ft-lb) | R14: CARBON_STEEL | S14: 50 | T14: 87.1 | U14: 49.1 | V14: 11.1 | W14: -14.9 | X14: 20 J (15 ft-lb)
A15: =IF(UNIT_SYSTEM="SI",IF(J15="","",J15),IF(R15="","",R15)) | B15: =IF(UNIT_SYSTEM="SI",IF(K15="","",K15),IF(S15="","",S15)) | C15: =IF(UNIT_SYSTEM="SI",IF(L15="","",L15),IF(T15="","",T15)) | D15: =IF(UNIT_SYSTEM="SI",IF(M15="","",M15),IF(U15="","",U15)) | E15: =IF(UNIT_SYSTEM="SI",IF(N15="","",N15),IF(V15="","",V15)) | F15: =IF(UNIT_SYSTEM="SI",IF(O15="","",O15),IF(W15="","",W15)) | G15: =IF(UNIT_SYSTEM="SI",IF(P15="","",P15),IF(X15="","",X15)) | J15: LOW_ALLOY_STEEL | K15: 200 | L15: 36 | M15: 14.8 | N15: -6.3 | O15: -20.7 | P15: 27 J (20 ft-lb) | R15: LOW_ALLOY_STEEL | S15: 30 | T15: 96.8 | U15: 58.8 | V15: 20.8 | W15: -5.2 | X15: 27 J (20 ft-lb)
... A40: =IF(UNIT_SYSTEM="SI",IF(J40="","",J40),IF(R40="","",R40)) | B40: =IF(UNIT_SYSTEM="SI",IF(K40="","",K40),IF(S40="","",S40)) | C40: =IF(UNIT_SYSTEM="SI",IF(L40="","",L40),IF(T40="","",T40)) | D40: =IF(UNIT_SYSTEM="SI",IF(M40="","",M40),IF(U40="","",U40)) | E40: =IF(UNIT_SYSTEM="SI",IF(N40="","",N40),IF(V40="","",V40)) | F40: =IF(UNIT_SYSTEM="SI",IF(O40="","",O40),IF(W40="","",W40)) | G40: =IF(UNIT_SYSTEM="SI",IF(P40="","",P40),IF(X40="","",X40)) | J40: LOW_ALLOY_STEEL | K40: 560 | L40: 32.4 | M40: 11.2 | N40: -9.8 | O40: -24.3 | P40: 27 J (20 ft-lb) | R40: LOW_ALLOY_STEEL | S40: 80 | T40: 90.7 | U40: 52.7 | V40: 14.7 | W40: -11.3 | X40: 27 J (20 ft-lb)

Sheet DB_Table9F2
A1: condition | B1: temperature | C1: =IF(UNIT_SYSTEM="SI","Jc mean (kJ/m²)","Jc mean (in-lb/in²)") | D1: =IF(UNIT_SYSTEM="SI","Jc lower 90/95 (kJ/m²)","Jc lower 90/95 (in-lb/in²)") | E1: =IF(UNIT_SYSTEM="SI","dJ/da mean (MPa)","dJ/da mean (ksi)") | F1: =IF(UNIT_SYSTEM="SI","dJ/da lower (MPa)","dJ/da lower (ksi)") | G1: Jc_mean_kJ_m2 (source) | H1: Jc_mean_inlb_in2 (source) | I1: Jc_lower_kJ_m2 (source) | J1: Jc_lower_inlb_in2 (source) | K1: dJda_mean_MPa (source) | L1: dJda_mean_ksi (source) | M1: dJda_lower_MPa (source) | N1: dJda_lower_ksi (source)
A2: WROUGHT | B2: =IF(UNIT_SYSTEM="SI","0-125 °C","32-257 °F") | C2: =IF(UNIT_SYSTEM="SI",IF(G2="","",G2),IF(H2="","",H2)) | D2: =IF(UNIT_SYSTEM="SI",IF(I2="","",I2),IF(J2="","",J2)) | E2: =IF(UNIT_SYSTEM="SI",IF(K2="","",K2),IF(L2="","",L2)) | F2: =IF(UNIT_SYSTEM="SI",IF(M2="","",M2),IF(N2="","",N2)) | G2: 672 | H2: 3840 | I2: 215 | J2: 1224 | K2: 292 | L2: 508.8 | M2: 59 | N2: 102
A3: GTA_WELD | B3: =IF(UNIT_SYSTEM="SI","0-125 °C","32-257 °F") | C3: =IF(UNIT_SYSTEM="SI",IF(G3="","",G3),IF(H3="","",H3)) | D3: =IF(UNIT_SYSTEM="SI",IF(I3="","",I3),IF(J3="","",J3)) | E3: =IF(UNIT_SYSTEM="SI",IF(K3="","",K3),IF(L3="","",L3)) | F3: =IF(UNIT_SYSTEM="SI",IF(M3="","",M3),IF(N3="","",N3)) | G3: 492 | H3: 2808 | I3: 192 | J3: 1096.8 | K3: 390 | L3: 679.2 | M3: 139 | N3: 241.2
A4: SA_WELD | B4: =IF(UNIT_SYSTEM="SI","0-125 °C","32-257 °F") | C4: =IF(UNIT_SYSTEM="SI",IF(G4="","",G4),IF(H4="","",H4)) | D4: =IF(UNIT_SYSTEM="SI",IF(I4="","",I4),IF(J4="","",J4)) | E4: =IF(UNIT_SYSTEM="SI",IF(K4="","",K4),IF(L4="","",L4)) | F4: =IF(UNIT_SYSTEM="SI",IF(M4="","",M4),IF(N4="","",N4)) | G4: 147 | H4: 838.8 | I4: 67 | J4: 384 | K4: 150 | L4: 261.6 | M4: 72 | N4: 120
A5: WROUGHT | B5: =IF(UNIT_SYSTEM="SI","400-550 °C","752-1022 °F") | C5: =IF(UNIT_SYSTEM="SI",IF(G5="","",G5),IF(H5="","",H5)) | D5: =IF(UNIT_SYSTEM="SI",IF(I5="","",I5),IF(J5="","",J5)) | E5: =IF(UNIT_SYSTEM="SI",IF(K5="","",K5),IF(L5="","",L5)) | F5: =IF(UNIT_SYSTEM="SI",IF(M5="","",M5),IF(N5="","",N5)) | G5: 421 | H5: 2400 | I5: 96 | J5: 552 | K5: 263 | L5: 457.2 | M5: 79 | N5: 132
A6: GTA_WELD | B6: =IF(UNIT_SYSTEM="SI","400-550 °C","752-1022 °F") | C6: =IF(UNIT_SYSTEM="SI",IF(G6="","",G6),IF(H6="","",H6)) | D6: =IF(UNIT_SYSTEM="SI",IF(I6="","",I6),IF(J6="","",J6)) | E6: =IF(UNIT_SYSTEM="SI",IF(K6="","",K6),IF(L6="","",L6)) | F6: =IF(UNIT_SYSTEM="SI",IF(M6="","",M6),IF(N6="","",N6)) | G6: 293 | H6: 1668 | I6: 180 | J6: 1028.4 | K6: 307 | L6: 534 | M6: 107 | N6: 186
A8: API 579 Table 9F.2M (SI) / 9F.2 (FPS) - Types 304/308/309/316/321/347; linear interpolation permitted between the bands. Values follow the Unit System drop-down on the Cover sheet.

Sheet DB_Table9_3
A1: Lr \ X | B1: 0.0 | C1: 0.02 | D1: 0.04 | E1: 0.06 | F1: 0.08 | G1: 0.1 | H1: 0.2 | I1: 0.3 | J1: 0.4 | K1: 0.5 | L1: 1.0 | M1: 1.5 | N1: 2.0 | O1: 2.5 | P1: 3.0 | Q1: 3.5 | R1: 4.0 | S1: 4.5 | T1: 5.0
A2: 0 | B2: 1 | C2: 1 | D2: 1 | E2: 1 | F2: 1 | G2: 1 | H2: 1 | I2: 1 | J2: 1 | K2: 1 | L2: 1 | M2: 1 | N2: 1 | O2: 1 | P2: 1 | Q2: 1 | R2: 1 | S2: 1 | T2: 1
A3: 0.01 | B3: 1 | C3: 1 | D3: 1 | E3: 1 | F3: 1 | G3: 1 | H3: 1.001 | I3: 1.001 | J3: 1.002 | K3: 1.003 | L3: 1.011 | M3: 1.019 | N3: 1.023 | O3: 1.026 | P3: 1.028 | Q3: 1.029 | R3: 1.03 | S3: 1.031 | T3: 1.032
A4: 0.02 | B4: 1 | C4: 1 | D4: 1 | E4: 1.001 | F4: 1.001 | G4: 1.001 | H4: 1.002 | I4: 1.003 | J4: 1.004 | K4: 1.006 | L4: 1.019 | M4: 1.031 | N4: 1.038 | O4: 1.042 | P4: 1.044 | Q4: 1.046 | R4: 1.048 | S4: 1.051 | T4: 1.047
A5: 0.03 | B5: 1 | C5: 1.001 | D5: 1.001 | E5: 1.001 | F5: 1.001 | G5: 1.002 | H5: 1.003 | I5: 1.004 | J5: 1.006 | K5: 1.008 | L5: 1.026 | M5: 1.04 | N5: 1.048 | O5: 1.053 | P5: 1.056 | Q5: 1.059 | R5: 1.06 | S5: 1.061 | T5: 1.062
A6: 0.04 | B6: 1 | C6: 1.001 | D6: 1.001 | E6: 1.001 | F6: 1.002 | G6: 1.002 | H6: 1.004 | I6: 1.006 | J6: 1.008 | K6: 1.011 | L6: 1.031 | M6: 1.047 | N6: 1.056 | O6: 1.061 | P6: 1.065 | Q6: 1.068 | R6: 1.071 | S6: 1.076 | T6: 1.081
A7: 0.06 | B7: 1 | C7: 1.002 | D7: 1.002 | E7: 1.003 | F7: 1.003 | G7: 1.004 | H7: 1.006 | I7: 1.009 | J7: 1.012 | K7: 1.016 | L7: 1.039 | M7: 1.058 | N7: 1.068 | O7: 1.074 | P7: 1.078 | Q7: 1.083 | R7: 1.087 | S7: 1.092 | T7: 1.099
A8: 0.08 | B8: 1 | C8: 1.002 | D8: 1.003 | E8: 1.004 | F8: 1.004 | G8: 1.005 | H8: 1.008 | I8: 1.012 | J8: 1.016 | K8: 1.02 | L8: 1.045 | M8: 1.066 | N8: 1.077 | O8: 1.084 | P8: 1.088 | Q8: 1.093 | R8: 1.098 | S8: 1.103 | T8: 1.112
A9: 0.1 | B9: 1 | C9: 1.004 | D9: 1.004 | E9: 1.005 | F9: 1.006 | G9: 1.007 | H9: 1.011 | I9: 1.015 | J9: 1.02 | K9: 1.024 | L9: 1.05 | M9: 1.072 | N9: 1.084 | O9: 1.092 | P9: 1.097 | Q9: 1.102 | R9: 1.108 | S9: 1.114 | T9: 1.122
A10: 0.12 | B10: 1 | C10: 1.005 | D10: 1.006 | E10: 1.007 | F10: 1.008 | G10: 1.009 | H10: 1.013 | I10: 1.018 | J10: 1.023 | K10: 1.028 | L10: 1.054 | M10: 1.077 | N10: 1.09 | O10: 1.099 | P10: 1.104 | Q10: 1.11 | R10: 1.116 | S10: 1.122 | T10: 1.132
A11: 0.14 | B11: 1 | C11: 1.007 | D11: 1.008 | E11: 1.009 | F11: 1.01 | G11: 1.011 | H11: 1.016 | I11: 1.022 | J11: 1.027 | K11: 1.032 | L11: 1.057 | M11: 1.082 | N11: 1.096 | O11: 1.105 | P11: 1.111 | Q11: 1.117 | R11: 1.123 | S11: 1.131 | T11: 1.142
A12: 0.16 | B12: 1 | C12: 1.008 | D12: 1.01 | E12: 1.011 | F12: 1.012 | G12: 1.013 | H12: 1.019 | I12: 1.025 | J12: 1.031 | K12: 1.035 | L12: 1.06 | M12: 1.086 | N12: 1.101 | O12: 1.111 | P12: 1.117 | Q12: 1.123 | R12: 1.13 | S12: 1.138 | T12: 1.149
A13: 0.18 | B13: 1 | C13: 1.01 | D13: 1.012 | E13: 1.013 | F13: 1.014 | G13: 1.016 | H13: 1.022 | I13: 1.029 | J13: 1.034 | K13: 1.038 | L13: 1.063 | M13: 1.09 | N13: 1.106 | O13: 1.116 | P13: 1.124 | Q13: 1.129 | R13: 1.137 | S13: 1.145 | T13: 1.158
... A32: 2 | B32: 1 | C32: 0.268 | D32: 0.268 | E32: 0.268 | F32: 0.268 | G32: 0.268 | H32: 0.267 | I32: 0.267 | J32: 0.267 | K32: 0.266 | L32: 0.266 | M32: 0.266 | N32: 0.266 | O32: 0.266 | P32: 0.262 | Q32: 0.261 | R32: 0.256 | S32: 0.263 | T32: 0.266
A34: API 579 Table 9.3 plasticity interaction factor xi(Lr, X) - dimensionless; last column is X >= 5, last row Lr >= 2

Sheet DB_Lr_max
A1: category | B1: Lr_max | C1: basis | D1: description
A2: YIELD_PLATEAU | B2: 1 | C2: Fig 9.19 Note 2(a) | D2: Materials with yield point plateau (strain hardening exponent > 15)
A3: ASTM_A508 | B3: 1.15 | C3: Fig 9.19 Note 2(b) | D3: ASTM A508
A4: C_MN_STEEL | B4: 1.25 | C4: Fig 9.19 Note 2(c) | D4: C-Mn steels
A5: AUSTENITIC_SS | B5: 1.8 | C5: Fig 9.19 Note 2(d) | D5: Austenitic stainless steels
A6: FLOW_STRESS | B6: SIGMA_F/SIGMA_YS | C6: Fig 9.19 Note 2(e) | D6: Other materials: flow stress (Sy+Su)/2 divided by Sy at assessment temperature
A7: UNKNOWN | B7: 1 | C7: Fig 9.19 Note 2(f) | D7: Strain hardening characteristics unknown
A9: API 579 Figure 9.19 Note 2

Sheet DB_Annex9D
A1: method_id | B1: weld_condition | C1: status | D1: equations | E1: KPTC treatment | F1: notes
A2: NONE | B2: - | C2: ACTIVE | D2: - | E2: Rm = Rb = 0 | F2: No residual stress
A3: USER_DEFINED | B3: - | C3: ACTIVE | D3: Project data | E3: Uses entered Rm/Rb | F3: Legacy/project residual membrane + bending
A4: ANNEX_9D | B4: PWHT_UNIFORM | C4: ACTIVE | D4: 9D.1, 9D.3 (perpendicular) / 9D.4 (parallel) | E4: Rm = uniform stress; Rb = 0 (exact) | F4: Code-compliant uniform PWHT (9D.4.1)
A5: ANNEX_9D | B5: AS_WELDED (LONGITUDINAL_SEAM_PERPENDICULAR) | C5: ACTIVE - CONSERVATIVE ENVELOPE | D5: 9D.22-9D.24 | E5: Rm = peak of profile (uniform bound); Rb = 0 | F5: Linearized 9B.1/9B.2 values reported for information only (Annex 9G.2.2)
A6: ANNEX_9D | B6: AS_WELDED (TEE_MAIN_PLATE_PERPENDICULAR) | C6: ACTIVE - CONSERVATIVE ENVELOPE | D6: 9D.49-9D.57 | E6: Rm = peak of profile (uniform bound); Rb = 0 | F6: Linearized 9B.1/9B.2 values reported for information only
A7: ANNEX_9D | B7: UNIFORM_YIELD | C7: ACTIVE | D7: 9D.1 | E7: Rm = sigma_ys_r; Rb = 0 | F7: Simple uniform yield-magnitude assumption (user choice)
A8: PRESSURE_TEST_CREDIT | B8: - | C8: GATED | D8: 9D.4.2 | E8: Not applied | F8: Requires case-specific quantification; not combined with PWHT
A10: Annex 9D residual stress routes available to the KPTC solver

Sheet DB_JR_Curves
A1: jr_id | B1: material | C1: =IF(UNIT_SYSTEM="SI","T (°C)","T (°F)") | D1: =IF(UNIT_SYSTEM="SI","thickness (mm)","thickness (in)") | E1: =IF(UNIT_SYSTEM="SI","Ji (kJ/m²)","Ji (in-lb/in²)") | F1: =IF(UNIT_SYSTEM="SI","C_R (kJ/m² per mmⁿ)","C_R (in-lb/in² per inⁿ)") | G1: nR | H1: note | I1: T_C (source) | J1: T_F (source) | K1: t_mm (source) | L1: t_in (source) | M1: Ji_kJ_m2 (source) | N1: Ji_inlb_in2 (source) | O1: CR_SI (source) | P1: CR_US (source)
A2: GENERIC_CS-1 | B2: Generic CS-1 | C2: =IF(UNIT_SYSTEM="SI",IF(I2="","",I2),IF(J2="","",J2)) | D2: =IF(UNIT_SYSTEM="SI",IF(K2="","",K2),IF(L2="","",L2)) | E2: =IF(UNIT_SYSTEM="SI",IF(M2="","",M2),IF(N2="","",N2)) | F2: =IF(UNIT_SYSTEM="SI",IF(O2="","",O2),IF(P2="","",P2)) | G2: 0.277 | H2: Table 9F.3M / 9F.3: J_R = C_R (da)^nR; SI J kJ/m2, da mm; US J in-lb/in2, da in; typical values - actual data preferred | I2: 288 | J2: 550 | K2: 25 | L2: 1 | M2: 61 | N2: 350 | O2: 129 | P2: 1808
A3: GENERIC_CS-2 | B3: Generic CS-2 | C3: =IF(UNIT_SYSTEM="SI",IF(I3="","",I3),IF(J3="","",J3)) | D3: =IF(UNIT_SYSTEM="SI",IF(K3="","",K3),IF(L3="","",L3)) | E3: =IF(UNIT_SYSTEM="SI",IF(M3="","",M3),IF(N3="","",N3)) | F3: =IF(UNIT_SYSTEM="SI",IF(O3="","",O3),IF(P3="","",P3)) | G3: 0.274 | H3: Table 9F.3M / 9F.3: J_R = C_R (da)^nR; SI J kJ/m2, da mm; US J in-lb/in2, da in; typical values - actual data preferred | I3: 288 | J3: 550 | K3: 25 | L3: 1 | M3: 105 | N3: 600 | O3: 185 | P3: 2563
A4: GENERIC_CS-3 | B4: Generic CS-3 | C4: =IF(UNIT_SYSTEM="SI",IF(I4="","",I4),IF(J4="","",J4)) | D4: =IF(UNIT_SYSTEM="SI",IF(K4="","",K4),IF(L4="","",L4)) | E4: =IF(UNIT_SYSTEM="SI",IF(M4="","",M4),IF(N4="","",N4)) | F4: =IF(UNIT_SYSTEM="SI",IF(O4="","",O4),IF(P4="","",P4)) | G4: 0.344 | H4: Table 9F.3M / 9F.3: J_R = C_R (da)^nR; SI J kJ/m2, da mm; US J in-lb/in2, da in; typical values - actual data preferred | I4: 288 | J4: 550 | K4: 25 | L4: 1 | M4: 184 | N4: 1050 | O4: 311 | P4: 5400
A5: T_304_SS | B5: T 304 SS | C5: =IF(UNIT_SYSTEM="SI",IF(I5="","",I5),IF(J5="","",J5)) | D5: =IF(UNIT_SYSTEM="SI",IF(K5="","",K5),IF(L5="","",L5)) | E5: =IF(UNIT_SYSTEM="SI",IF(M5="","",M5),IF(N5="","",N5)) | F5: =IF(UNIT_SYSTEM="SI",IF(O5="","",O5),IF(P5="","",P5)) | G5: 0.519 | H5: Table 9F.3M / 9F.3: J_R = C_R (da)^nR; SI J kJ/m2, da mm; US J in-lb/in2, da in; typical values - actual data preferred | I5: 24 | J5: 75 | K5: 25 | L5: 1 | M5: 1138 | N5: 6500 | O5: 1070 | P5: 32758
A6: GENERIC_SS_SMAW | B6: Generic SS/SMAW | C6: =IF(UNIT_SYSTEM="SI",IF(I6="","",I6),IF(J6="","",J6)) | D6: =IF(UNIT_SYSTEM="SI",IF(K6="","",K6),IF(L6="","",L6)) | E6: =IF(UNIT_SYSTEM="SI",IF(M6="","",M6),IF(N6="","",N6)) | F6: =IF(UNIT_SYSTEM="SI",IF(O6="","",O6),IF(P6="","",P6)) | G6: 0.391 | H6: Table 9F.3M / 9F.3: J_R = C_R (da)^nR; SI J kJ/m2, da mm; US J in-lb/in2, da in; typical values - actual data preferred | I6: 288 | J6: 550 | K6: 25 | L6: 1 | M6: 173 | N6: 990 | O6: 298 | P6: 6033
A7: GENERIC_SS_SAW | B7: Generic SS/SAW | C7: =IF(UNIT_SYSTEM="SI",IF(I7="","",I7),IF(J7="","",J7)) | D7: =IF(UNIT_SYSTEM="SI",IF(K7="","",K7),IF(L7="","",L7)) | E7: =IF(UNIT_SYSTEM="SI",IF(M7="","",M7),IF(N7="","",N7)) | F7: =IF(UNIT_SYSTEM="SI",IF(O7="","",O7),IF(P7="","",P7)) | G7: 0.431 | H7: Table 9F.3M / 9F.3: J_R = C_R (da)^nR; SI J kJ/m2, da mm; US J in-lb/in2, da in; typical values - actual data preferred | I7: 288 | J7: 550 | K7: 25 | L7: 1 | M7: 114 | N7: 650 | O7: 193 | P7: 4448
A8: A508_CL3 | B8: A508 Cl3 | C8: =IF(UNIT_SYSTEM="SI",IF(I8="","",I8),IF(J8="","",J8)) | D8: =IF(UNIT_SYSTEM="SI",IF(K8="","",K8),IF(L8="","",L8)) | E8: =IF(UNIT_SYSTEM="SI",IF(M8="","",M8),IF(N8="","",N8)) | F8: =IF(UNIT_SYSTEM="SI",IF(O8="","",O8),IF(P8="","",P8)) | G8: 0.329 | H8: Table 9F.3M / 9F.3: J_R = C_R (da)^nR; SI J kJ/m2, da mm; US J in-lb/in2, da in; typical values - actual data preferred | I8: 288 | J8: 550 | K8: 35 | L8: 1.378 | M8: 78 | N8: 446 | O8: 208 | P8: 3443
A9: A106_GR_B_NPS_8_PIPE | B9: A106 Gr B (NPS 8 pipe) | C9: =IF(UNIT_SYSTEM="SI",IF(I9="","",I9),IF(J9="","",J9)) | D9: =IF(UNIT_SYSTEM="SI",IF(K9="","",K9),IF(L9="","",L9)) | E9: =IF(UNIT_SYSTEM="SI",IF(M9="","",M9),IF(N9="","",N9)) | F9: =IF(UNIT_SYSTEM="SI",IF(O9="","",O9),IF(P9="","",P9)) | G9: 0.334 | H9: Table 9F.3M / 9F.3: J_R = C_R (da)^nR; SI J kJ/m2, da mm; US J in-lb/in2, da in; typical values - actual data preferred | I9: 49 | J9: 120 | K9: 14 | L9: 0.54 | M9: 508 | N9: 2900 | O9: 773 | P9: 13008
A10: TP_304_SS_NPS_4_PIPE | B10: TP 304 SS (NPS 4 pipe) | C10: =IF(UNIT_SYSTEM="SI",IF(I10="","",I10),IF(J10="","",J10)) | D10: =IF(UNIT_SYSTEM="SI",IF(K10="","",K10),IF(L10="","",L10)) | E10: =IF(UNIT_SYSTEM="SI",IF(M10="","",M10),IF(N10="","",N10)) | F10: =IF(UNIT_SYSTEM="SI",IF(O10="","",O10),IF(P10="","",P10)) | G10: 0.435 | H10: Table 9F.3M / 9F.3: J_R = C_R (da)^nR; SI J kJ/m2, da mm; US J in-lb/in2, da in; typical values - actual data preferred | I10: 24 | J10: 75 | K10: 9 | L10: 0.34 | M10: 1401 | N10: 8000 | O10: 1443 | P10: 33642
A12: API 579 Table 9F.3M (SI) / 9F.3 (FPS): J_R = C_R (da)^nR. Typical values - actual values should be used when available. Values follow the Unit System drop-down on the Cover sheet.

Sheet DB_Table9F1
A1: number of tests | B1: equivalent to minimum of three
A2: 3 - 5 | B2: Lowest value
A3: 6 - 10 | B3: Second lowest
A4: 11 - 15 | B4: Third lowest
A5: 16 - 20 | B5: Fourth lowest
A6: 21 - 25 | B6: Fifth lowest
A7: 26 - 30 | B7: Sixth lowest
A9: API 579 Table 9F.1; Note 2 scatter check applies to three results

Sheet Lists
A1: FLAW_OPTION | B1: PROJ_PLANE | C1: STRENGTH_SOURCE | D1: LRMAX_MODE | E1: CONSTRAINT | F1: DATA_STATUS | G1: YES_NO | H1: TOUGHNESS_METHOD | I1: SS_CONDITION | J1: LOWER_MEAN | K1: LOWER_MEDIAN | L1: TREF_MODE | M1: CURVE_MODE | N1: XI_CURVE | O1: T0_MODE | P1: SULFUR | Q1: L_MODE | R1: US_LIMIT | S1: H2_SHIFT | T1: US_OPTION | U1: CRMO_ROUTE | V1: CRMO_VINTAGE | W1: R_BASIS | X1: WELD_EQ | Y1: RE_MODE | Z1: STRESS_MODE | AA1: STRESS_DIST | AB1: STRESS_INPUT | AC1: STRESS_INPUT_KPSCL1 | AD1: STRESS_INPUT_KPSCL2 | AE1: RS_METHOD | AF1: RS_METHOD_S | AG1: YS_BASIS | AH1: WELD_COND | AI1: DIRECTION | AJ1: PT_CREDIT | AK1: PROFILE | AL1: WELD_TYPE | AM1: JOINT | AN1: MATERIAL_FILTER | AO1: FLAW_BASIS | AP1: XI_CAP | AQ1: PF | AR1: LIFE_MARGIN | AS1: INSP_FRACTION | AT1: CW_STOP | AU1: SPEC_TEXT | AV1: JR_SOURCE | AW1: JR_IDS | AX1: MATERIAL_IDS | AY1: MAT_ALL | AZ1: MAT_CARBON_STEEL | BA1: MAT_LOW_ALLOY_STEEL | BB1: MAT_AUSTENITIC_SS | BC1: MAT_REFERENCE | BD1: XI_CAP_SI | BE1: XI_CAP_FPS | BF1: UNIT_SYSTEM | BG1: GROWTH_IDS
A2: OPTION_1 | B2: SIGMA1 | C2: DATABASE_SPEC_MIN | D2: FROM_DATABASE | E2: plane_strain | F2: NOT_APPROVED | G2: YES | H2: PROJECT_KMAT | I2: WROUGHT | J2: LOWER | K2: LOWER | L2: DIRECT | M2: FROM_DATABASE | N2: KIC | O2: DIRECT | P2: LOW | Q2: AUTO | R2: NONE | S2: NONE | T2: A | U2: CR125_XBAR | V2: POST_1990 | W2: INCLUDE_RESIDUAL | X2: 9F140 | Y2: AUTO | Z2: MEMBRANE_BENDING | AA2: Through-Wall Fourth Order Polynomial Stress Distribution - KPSCL1 (9B.3.2) / RPSCL (9C.3.2) | AB2: Membrane + Bending (Pm, Pb, Sm, Sb) | AC2: Membrane + Bending (Pm, Pb, Sm, Sb) | AD2: Membrane + Bending (Pm, Pb, Sm, Sb) | AE2: NONE | AF2: NONE | AG2: ESTIMATED_FROM_SMYS | AH2: PWHT_UNIFORM | AI2: PERPENDICULAR | AJ2: NONE | AK2: LONGITUDINAL_SEAM_PERPENDICULAR | AL2: BUTT_WELD | AM2: FULL_PENETRATION | AN2: ALL | AO2: CURRENT_INSPECTED_FLAW | AP2: 110 | AQ2: 0.05 | AR2: 1 | AS2: 0.25 | AT2: 0.9 | AU2: SA-36 | AV2: TABLE_9F3 | AW2: GENERIC_CS-1 | AX2: REFERENCE_CS_350 | AY2: REFERENCE_CS_350 | AZ2: SA-36 | BA2: SA-387-11-CL2 | BB2: SA-240-304 | BC2: REFERENCE_CS_350 | BD2: 110 | BE2: 100 | BF2: SI | BG2: FROM_MATERIAL_DB
A3: OPTION_2 | B3: SIGMA2 | C3: PROJECT_AT_TEMPERATURE | D3: YIELD_PLATEAU | E3: plane_stress | F3: APPROVED | G3: NO | H3: PROJECT_TEST_SET | I3: GTA_WELD | J3: MEAN | K3: MEDIAN | L3: EQ_9F29 | M3: A | N3: KIR | O3: OPTION_A_EXEMPTION | P3: HIGH | Q3: USER | R3: 9F44 | S3: H2_225CR1MO | T3: B | U3: CR225_J_BASE | V3: 1975_1990 | W3: APPLIED_ONLY | X3: PARIS | Y3: APPLY | Z3: POLYNOMIAL_4TH | AA3: Through-Wall Arbitrary Stress Distribution - KPSCL2 (9B.3.3) / RPSCL (9C.3.3) | AB3: Polynomial coefficients (sigma0 to sigma4) | AC3: Polynomial coefficients (sigma0 to sigma4) | AD3: Point-by-point profile (sheet 5B_Stress_Profile) | AE3: USER_DEFINED | AF3: USER_DEFINED | AG3: ACTUAL | AH3: AS_WELDED | AI3: PARALLEL | AK3: TEE_MAIN_PLATE_PERPENDICULAR | AL3: FILLET_WELD | AM3: PARTIAL_PENETRATION | AN3: CARBON_STEEL | AO3: ASSUMED_INITIAL_FLAW | AP3: 220 | AQ3: 0.01 | AR3: 1.5 | AS3: 0.33 | AT3: 0.95 | AU3: SA-285 Gr C | AV3: CVN_9F130 | AW3: GENERIC_CS-2 | AX3: SA-36 | AY3: SA-36 | AZ3: SA-285-C | BA3: SA-387-22-CL2 | BB3: SA-240-304L | BD3: 220 | BE3: 200 | BF3: FPS | BG3: PROJECT_MATERIAL_DATA
D4: ASTM_A508 | H4: 9F412_AUSTENITIC_JC | I4: SA_WELD | L4: TABLE_9_2 | M4: B | O4: OPTION_D_J_TEST | S4: H2_225CR1MOV | U4: CR225_XBAR_WELD | V4: PRE_1975 | W4: FORCE_R_GE_0_5 | Y4: NONE | AB4: Point-by-point profile (sheet 5B_Stress_Profile) | AE4: ANNEX_9D | AF4: ANNEX_9D | AH4: UNIFORM_YIELD | AL4: TEE_JOINT | AM4: NOT_APPLICABLE | AN4: LOW_ALLOY_STEEL | AP4: 100 | AQ4: 0.1 | AR4: 2 | AS4: 0.5 | AT4: 0.99 | AU4: SA-515 Gr 60 | AV4: PROJECT | AW4: GENERIC_CS-3 | AX4: SA-285-C | AY4: SA-285-C | AZ4: SA-515-60 | BA4: SA-335-P11 | BB4: SA-240-316 | BG4: PROJECT_USER_PARIS
D5: C_MN_STEEL | H5: 9F42_ASME_XI_LOWER | L5: TABLE_9_2_CONSERVATIVE | M5: C | S5: USER | AF5: USER_PROFILE | AL5: REPAIR_WELD | AN5: AUSTENITIC_SS | AP5: 200 | AQ5: 0.5 | AR5: 3 | AS5: 1 | AU5: SA-515 Gr 70 | AW5: T_304_SS | AX5: SA-515-60 | AY5: SA-515-60 | AZ5: SA-515-70 | BA5: SA-335-P22 | BB5: SA-240-316L | BG5: 9F4M_MARTENSITIC_AIR
D6: AUSTENITIC_SS | H6: 9F43_MASTER_CURVE | M6: D | AL6: NOT_WELDED | AN6: REFERENCE | AR6: 4 | AU6: SA-516 Gr 55 | AW6: GENERIC_SS_SMAW | AX6: SA-515-70 | AY6: SA-515-70 | AZ6: SA-516-55 | BA6: SA-182-F22-CL3 | BB6: SA-240-321 | BG6: 9F4M_FERRITIC_PEARLITE_AIR
D7: FLOW_STRESS | H7: 9F44_UPPER_SHELF | AU7: SA-516 Gr 60 | AW7: GENERIC_SS_SAW | AX7: SA-516-55 | AY7: SA-516-55 | AZ7: SA-516-60 | BA7: SA-508-3-CL1 | BB7: SA-240-347 | BG7: 9F4M_AUSTENITIC_SS_AIR
D8: UNKNOWN | H8: 9F45_DYNAMIC | AU8: SA-516 Gr 65 | AW8: A508_CL3 | AX8: SA-516-60 | AY8: SA-516-60 | AZ8: SA-516-65 | BA8: SA-533-B-CL1 | BB8: SA-312-TP304 | BG8: 9F5M_WELD_UPPER
H9: 9F45_ARREST | AU9: SA-516 Gr 70 | AW9: A106_GR_B_NPS_8_PIPE | AX9: SA-516-65 | AY9: SA-516-65 | AZ9: SA-516-70 | BB9: SA-312-TP316L | BG9: 9F5M_WELD_MEAN
H10: 9F47_CRMO_AGING | AU10: SA-537 Cl 1 | AW10: TP_304_SS_NPS_4_PIPE | AX10: SA-516-70 | AY10: SA-516-70 | AZ10: SA-516-70N | BG10: 9F6M_AIR_LE100C
AU11: SA-106 Gr B | AX11: SA-516-70N | AY11: SA-516-70N | AZ11: SA-537-CL1 | BG11: 9F6M_AIR_100_600C
AU12: SA-106 Gr C | AX12: SA-537-CL1 | AY12: SA-537-CL1 | AZ12: SA-106-B | BG12: 9F6M_MARINE_CP
AU13: SA-53 Gr B | AX13: SA-106-B | AY13: SA-106-B | AZ13: SA-106-C | BG13: 9F6M_MARINE_FREE
AU14: SA-333 Gr 6 | AX14: SA-106-C | AY14: SA-106-C | AZ14: SA-53-B | BG14: 9F7M_AIR_UPPER
AU15: SA-234 WPB | AX15: SA-53-B | AY15: SA-53-B | AZ15: SA-333-6 | BG15: 9F7M_AIR_MEAN
AU16: SA-105 | AX16: SA-333-6 | AY16: SA-333-6 | AZ16: SA-234-WPB | BG16: 9F7M_MARINE_FREE_UPPER
AU17: SA-350 LF2 Cl 1 | AX17: SA-234-WPB | AY17: SA-234-WPB | AZ17: SA-105 | BG17: 9F7M_MARINE_FREE_MEAN
AU18: API 5L X52 PSL2 | AX18: SA-105 | AY18: SA-105 | AZ18: SA-350-LF2 | BG18: 9F7M_MARINE_CP850_UPPER
AU19: API 5L X60 PSL2 | AX19: SA-350-LF2 | AY19: SA-350-LF2 | AZ19: API-5L-X52 | BG19: 9F7M_MARINE_CP850_MEAN
AU20: API 5L X65 PSL2 | AX20: API-5L-X52 | AY20: API-5L-X52 | AZ20: API-5L-X60 | BG20: 9F7M_MARINE_CP1100_UPPER
AU21: API 5L X70 PSL2 | AX21: API-5L-X60 | AY21: API-5L-X60 | AZ21: API-5L-X65 | BG21: 9F7M_MARINE_CP1100_MEAN
AU22: SA-387 Gr 11 Cl 2 | AX22: API-5L-X65 | AY22: API-5L-X65 | AZ22: API-5L-X70 | BG22: 9F9M_BARSOM_FP
AU23: SA-387 Gr 22 Cl 2 | AX23: API-5L-X70 | AY23: API-5L-X70 | BG23: 9F9M_X65_AQUEOUS
AU24: SA-335 P11 | AX24: SA-387-11-CL2 | AY24: SA-387-11-CL2 | BG24: 9F9M_GRADE_B
AU25: SA-335 P22 | AX25: SA-387-22-CL2 | AY25: SA-387-22-CL2 | BG25: 9F9M_X52_DOE
AU26: SA-182 F22 Cl 3 | AX26: SA-335-P11 | AY26: SA-335-P11 | BG26: 9F9M_TMCP
AU27: SA-508 Gr 3 Cl 1 | AX27: SA-335-P22 | AY27: SA-335-P22 | BG27: 9F9M_VINTAGE_DC_ERW
AU28: SA-533 Type B Cl 1 | AX28: SA-182-F22-CL3 | AY28: SA-182-F22-CL3 | BG28: 9F9M_VINTAGE_KAISER_SSAW
AU29: SA-240 304 | AX29: SA-508-3-CL1 | AY29: SA-508-3-CL1 | BG29: 9F9M_VINTAGE_AO_SMITH
AU30: SA-240 304L | AX30: SA-533-B-CL1 | AY30: SA-533-B-CL1 | BG30: 9F9M_X60_SCC_FATIGUE
AU31: SA-240 316 | AX31: SA-240-304 | AY31: SA-240-304 | BG31: 9F9M_X52_ERW_AIR
AU32: SA-240 316L | AX32: SA-240-304L | AY32: SA-240-304L | BG32: 9F9M_X52_ERW_NACL
AU33: SA-240 321 | AX33: SA-240-316 | AY33: SA-240-316 | BG33: 9F9M_X65_AIR
AU34: SA-240 347 | AX34: SA-240-316L | AY34: SA-240-316L | BG34: 9F9M_X65_SWEAT_CRUDE
... AU36: SA-312 TP316L | AX36: SA-240-347 | AY36: SA-240-347 | BG36: 9F5339_SOUR_CRUDE
AX37: SA-312-TP304 | AY37: SA-312-TP304 | BG37: 9F5339_SWEAT_CRUDE
AX38: SA-312-TP316L | AY38: SA-312-TP316L
